index,CONCEPTS,gene_1,gene_2,gene_3,gene_4,gene_5,gene_6,gene_7,gene_8,gene_9,gene_10,gene_11,gene_12,gene_13,gene_14,gene_15,gene_16,gene_17,gene_18,gene_19,gene_20
GSE220284_group1,"['GO_0006106', 'GO_0019508', 'GO_0062057', 'GO_0034545', 'GO_0102040', 'GO_0015138', 'GO_0045283', 'GO_0019461', 'GO_0019462', 'GO_0019460']",SO_1222,SO_3990,SO_4048,SO_1894,SO_3822,SO_3303,SO_0746,SO_3875,SO_3726,SO_2008,SO_2228,SO_1736,SO_1825,SO_0011,SO_4552,SO_0074,SO_4075,SO_3549,SO_2347,SO_0322
GSE142643_group1,"['GO_0046064', 'GO_0019670', 'GO_0019331', 'GO_0003921', 'GO_1990485', 'GO_0019552', 'GO_0006249', 'GO_0019671', 'GO_0006177', 'GO_0019658']",SO_2223,SO_3566,SO_1350,SO_2894,SO_2407,SO_1124,SO_0888,SO_1445,SO_3470,SO_4480,SO_2347,SO_3384,SO_1793,SO_0863,SO_4208,SO_3061,SO_4314,SO_2016,SO_0008,SO_4550
GSE142643_group2,"['GO_0046064', 'GO_0019670', 'GO_0019331', 'GO_0003921', 'GO_1990485', 'GO_0019552', 'GO_0006249', 'GO_0019671', 'GO_0006177', 'GO_0019658']",SO_2223,SO_3566,SO_1350,SO_2894,SO_1124,SO_2407,SO_0888,SO_1445,SO_3470,SO_4480,SO_2347,SO_3384,SO_0863,SO_4314,SO_1793,SO_2016,SO_4208,SO_3061,SO_0008,SO_0526
GSE142643_group3,"['GO_0046064', 'GO_0019670', 'GO_0019331', 'GO_0003921', 'GO_1990485', 'GO_0019552', 'GO_0006249', 'GO_0019671', 'GO_0006177', 'GO_0019658']",SO_1427,SO_2121,SO_0197,SO_1749,SO_1015,SO_1203,SO_2281,SO_2399,SO_1350,SO_3683,SO_3181,SO_0938,SO_2601,SO_3354,SO_4208,SO_2347,SO_3960,SO_4342,SO_1289,SO_4703
GSE142642_group1,"['GO_0046064', 'GO_0019670', 'GO_0019331', 'GO_0003921', 'GO_1990485', 'GO_0019552', 'GO_0006249', 'GO_0019671', 'GO_0006177', 'GO_0019658']",SO_3566,SO_2223,SO_2121,SO_1427,SO_1749,SO_4480,SO_3686,SO_1015,SO_1793,SO_3104,SO_2399,SO_1203,SO_0526,SO_3683,SO_0197,SO_3831,SO_2601,SO_4618,SO_0008,SO_4305
GSE142641_group1,"['GO_0019331', 'GO_0071849', 'GO_0140360', 'GO_0140361', 'GO_0003921', 'GO_0015987', 'GO_0019676', 'GO_0019552', 'GO_0070275', 'GO_0019670']",SO_1350,SO_2223,SO_3566,SO_2407,SO_2894,SO_0863,SO_1445,SO_1124,SO_2016,SO_3384,SO_0888,SO_3104,SO_4480,SO_3061,SO_3470,SO_2347,SO_0290,SO_0562,SO_1793,SO_0526
GSE102264_group1,"['GO_0086041', 'GO_0086090', 'GO_0086063', 'GO_0086005', 'GO_0086060', 'GO_0003700', 'GO_0086086', 'GO_0086001', 'GO_0086006', 'GO_0003969']",SO_1190,SO_1017,SO_2008,SO_2708,SO_2045,SO_4743,SO_2588,SO_4105,SO_2421,SO_0566,SO_1268,SO_1015,SO_0565,SO_2410,SO_1010,SO_4155,SO_0168,SO_0239,SO_1013,SO_0939
GSE102264_group2,"['GO_0086041', 'GO_0086090', 'GO_0086063', 'GO_0086005', 'GO_0086060', 'GO_0003700', 'GO_0086086', 'GO_0086001', 'GO_0086006', 'GO_0003969']",SO_2117,SO_1890,SO_1830,SO_0864,SO_2460,SO_1822,SO_0925,SO_2427,SO_2795,SO_2469,SO_4530,SO_1503,SO_1787,SO_2144,SO_1476,SO_1227,SO_1317,SO_0056,SO_3280,SO_2924
GSE102264_group3,"['GO_0086041', 'GO_0086090', 'GO_0086063', 'GO_0086005', 'GO_0086060', 'GO_0003700', 'GO_0086086', 'GO_0086001', 'GO_0086006', 'GO_0003969']",SO_0864,SO_2117,SO_1830,SO_0925,SO_1227,SO_3764,SO_1787,SO_2460,SO_2795,SO_4667,SO_3787,SO_2829,SO_2469,SO_3551,SO_2427,SO_1503,SO_4592,SO_1317,SO_1890,SO_0056
GSE97220_group1,"['GO_0019671', 'GO_0035873', 'GO_0019661', 'GO_0043464', 'GO_0044814', 'GO_0009296', 'GO_0019552', 'GO_0097321', 'GO_0019656', 'GO_1990488']",SO_0976,SO_1362,SO_1361,SO_0817,SO_3412,SO_0818,SO_3413,SO_2196,SO_2427,SO_0456,SO_2440,SO_2857,SO_2441,SO_2856,SO_2442,SO_0085,SO_3599,SO_2443,SO_2855,SO_2854
GSE50443_group1,"['GO_0044222', 'GO_0043464', 'GO_0019552', 'GO_2000891', 'GO_0009296', 'GO_0019670', 'GO_0019671', 'GO_0052697', 'GO_1990488', 'GO_2000892']",SO_2956,SO_2954,SO_2404,SO_0818,SO_0817,SO_1860,SO_2005,SO_2137,SO_2953,SO_2945,SO_4596,SO_4020,SO_4564,SO_3070,SO_1339,SO_3534,SO_0856,SO_3471,SO_4077,SO_2944
GSE42479_group1,"['GO_0007125', 'GO_0120222', 'GO_0009844', 'GO_0032179', 'GO_0010231', 'GO_0120164', 'GO_0075009', 'GO_0009847', 'GO_0009793', 'GO_1904359']",SO_4062,SO_2743,SO_1897,SO_1679,SO_4061,SO_1896,SO_1428,SO_1894,SO_1677,SO_4743,SO_2098,SO_0162,SO_1892,SO_1893,SO_1891,SO_0142,SO_1678,SO_1949,SO_1429,SO_2834
GSE44689_group1,"['GO_0035630', 'GO_0031174', 'GO_0010448', 'GO_0031173', 'GO_0030282', 'GO_0110148', 'GO_0035266', 'GO_0010075', 'GO_0010449', 'GO_0009555']",SO_2540,SO_2542,SO_2539,SO_2543,SO_2144,SO_2541,SO_1695,SO_2538,SO_2145,SO_2544,SO_2546,SO_2545,SO_3863,SO_2547,SO_2623,SO_3391,SO_1960,SO_4317,SO_0084,SO_1944
GSE31053_group1,"['GO_0030603', 'GO_0072032', 'GO_0071588', 'GO_0006802', 'GO_0047996', 'GO_0050162', 'GO_1902551', 'GO_1903751', 'GO_1903752', 'GO_0018778']",SO_1484,SO_4513,SO_2375,SO_0404,SO_3371,SO_1962,SO_1822,SO_0916,SO_0895,SO_1343,SO_2934,SO_0351,SO_2049,SO_1425,SO_0314,SO_0848,SO_0350,SO_3896,SO_3114,SO_1568
GSE39462_group1,"['GO_1990484', 'GO_1990485', 'GO_0009060', 'GO_0019658', 'GO_0018936', 'GO_0009061', 'GO_0019410', 'GO_0018935', 'GO_0019652', 'GO_0019516']",SO_3059,SO_3687,SO_1807,SO_3837,SO_3988,SO_0704,SO_2597,SO_2596,SO_4666,SO_1361,SO_2595,SO_2858,SO_4129,SO_1880,SO_2583,SO_3433,SO_1377,SO_3030,SO_4163,SO_2725
GSE39462_group2,"['GO_1990484', 'GO_1990485', 'GO_0009060', 'GO_0019658', 'GO_0018936', 'GO_0009061', 'GO_0019410', 'GO_0018935', 'GO_0019652', 'GO_0019516']",SO_0447,SO_4203,SO_3507,SO_3506,SO_3054,SO_2167,SO_2099,SO_2098,SO_0360,SO_1065,SO_3059,SO_2097,SO_4229,SO_1197,SO_4235,SO_4236,SO_2093,SO_4246,SO_3503,SO_0780
GSE39462_group3,"['GO_1990484', 'GO_1990485', 'GO_0009060', 'GO_0019658', 'GO_0018936', 'GO_0009061', 'GO_0019410', 'GO_0018935', 'GO_0019652', 'GO_0019516']",SO_1219,SO_2918,SO_0439,SO_3743,SO_0426,SO_0424,SO_0423,SO_4346,SO_1065,SO_1066,SO_0409,SO_0397,SO_0396,SO_3720,SO_2136,SO_2886,SO_4407,SO_4408,SO_2881,SO_4423
GSE39462_group4,"['GO_1990484', 'GO_1990485', 'GO_0009060', 'GO_0019658', 'GO_0018936', 'GO_0009061', 'GO_0019410', 'GO_0018935', 'GO_0019652', 'GO_0019516']",SO_4236,SO_0398,SO_0397,SO_2857,SO_3560,SO_3565,SO_2848,SO_2834,SO_2833,SO_1909,SO_1020,SO_3597,SO_2821,SO_2070,SO_1821,SO_2071,SO_2800,SO_3599,SO_1042,SO_1044
GSE39462_group5,"['GO_1990484', 'GO_1990485', 'GO_0009060', 'GO_0019658', 'GO_0018936', 'GO_0009061', 'GO_0019410', 'GO_0018935', 'GO_0019652', 'GO_0019516']",SO_1932,SO_2355,SO_3414,SO_0994,SO_3413,SO_2347,SO_2345,SO_4537,SO_3407,SO_2341,SO_4537,SO_2340,SO_2339,SO_2338,SO_1042,SO_1043,SO_1044,SO_1060,SO_4520,SO_2328
GSE39462_group6,"['GO_1990484', 'GO_1990485', 'GO_0009060', 'GO_0019658', 'GO_0018936', 'GO_0009061', 'GO_0019410', 'GO_0018935', 'GO_0019652', 'GO_0019516']",SO_3505,SO_3509,SO_0548,SO_0547,SO_3510,SO_0543,SO_3514,SO_1287,SO_0536,SO_1075,SO_3538,SO_3542,SO_0520,SO_0519,SO_0518,SO_3546,SO_0512,SO_3548,SO_2074,SO_3597
GSE39462_group7,"['GO_1990484', 'GO_1990485', 'GO_0009060', 'GO_0019658', 'GO_0018936', 'GO_0009061', 'GO_0019410', 'GO_0018935', 'GO_0019652', 'GO_0019516']",SO_3844,SO_0809,SO_4034,SO_0805,SO_0798,SO_2992,SO_0785,SO_0770,SO_0761,SO_0760,SO_4627,SO_0753,SO_0748,SO_0818,SO_4628,SO_3022,SO_3030,SO_3031,SO_3032,SO_3033
GSE39462_group8,"['GO_1990484', 'GO_1990485', 'GO_0009060', 'GO_0019658', 'GO_0018936', 'GO_0009061', 'GO_0019410', 'GO_0018935', 'GO_0019652', 'GO_0019516']",SO_1444,SO_1989,SO_4163,SO_4162,SO_1986,SO_3542,SO_1625,SO_4160,SO_1985,SO_4150,SO_1181,SO_3545,SO_2436,SO_2882,SO_1977,SO_2883,SO_3546,SO_3547,SO_4134,SO_0672
GSE39462_group9,"['GO_1990484', 'GO_1990485', 'GO_0009060', 'GO_0019658', 'GO_0018936', 'GO_0009061', 'GO_0019410', 'GO_0018935', 'GO_0019652', 'GO_0019516']",SO_1638,SO_0925,SO_2915,SO_3928,SO_3929,SO_3930,SO_2913,SO_0930,SO_3937,SO_3939,SO_3940,SO_2912,SO_3962,SO_3915,SO_2884,SO_2882,SO_2881,SO_3980,SO_0951,SO_2857
GSE39462_group10,"['GO_1990484', 'GO_1990485', 'GO_0009060', 'GO_0019658', 'GO_0018936', 'GO_0009061', 'GO_0019410', 'GO_0018935', 'GO_0019652', 'GO_0019516']",SO_2068,SO_4505,SO_2593,SO_1175,SO_0762,SO_0761,SO_0277,SO_0275,SO_0274,SO_0273,SO_4509,SO_0547,SO_3863,SO_0267,SO_0760,SO_0265,SO_3855,SO_3967,SO_0261,SO_0260
GSE39462_group11,"['GO_1990484', 'GO_1990485', 'GO_0009060', 'GO_0019658', 'GO_0018936', 'GO_0009061', 'GO_0019410', 'GO_0018935', 'GO_0019652', 'GO_0019516']",SO_3733,SO_2071,SO_2070,SO_0547,SO_2069,SO_2068,SO_2067,SO_2062,SO_0554,SO_2046,SO_0556,SO_2045,SO_4190,SO_2018,SO_4598,SO_4597,SO_2016,SO_2009,SO_2072,SO_2007
GSE39462_group12,"['GO_1990484', 'GO_1990485', 'GO_0009060', 'GO_0019658', 'GO_0018936', 'GO_0009061', 'GO_0019410', 'GO_0018935', 'GO_0019652', 'GO_0019516']",SO_2071,SO_3422,SO_0970,SO_4450,SO_4449,SO_0279,SO_0278,SO_1777,SO_1779,SO_0274,SO_0992,SO_0267,SO_0261,SO_0260,SO_0259,SO_4120,SO_3426,SO_0273,SO_0257,SO_1783
GSE39462_group13,"['GO_1990484', 'GO_1990485', 'GO_0009060', 'GO_0019658', 'GO_0018936', 'GO_0009061', 'GO_0019410', 'GO_0018935', 'GO_0019652', 'GO_0019516']",SO_0848,SO_1197,SO_3115,SO_2578,SO_0612,SO_4034,SO_3099,SO_4558,SO_0624,SO_1164,SO_3076,SO_4043,SO_3070,SO_0636,SO_0643,SO_0644,SO_1200,SO_1201,SO_0595,SO_4133
GSE39462_group14,"['GO_1990484', 'GO_1990485', 'GO_0009060', 'GO_0019658', 'GO_0018936', 'GO_0009061', 'GO_0019410', 'GO_0018935', 'GO_0019652', 'GO_0019516']",SO_1315,SO_1826,SO_3471,SO_3468,SO_1827,SO_0514,SO_0516,SO_1825,SO_1828,SO_3440,SO_1829,SO_0526,SO_3420,SO_3417,SO_3415,SO_3441,SO_1103,SO_3503,SO_3505,SO_3546
GSE39462_group15,"['GO_1990484', 'GO_1990485', 'GO_0009060', 'GO_0019658', 'GO_0018936', 'GO_0009061', 'GO_0019410', 'GO_0018935', 'GO_0019652', 'GO_0019516']",SO_3020,SO_2745,SO_2743,SO_0728,SO_2731,SO_2683,SO_2648,SO_0740,SO_2640,SO_2637,SO_2635,SO_2629,SO_2746,SO_2627,SO_2625,SO_0752,SO_2619,SO_0755,SO_2617,SO_2616
GSE39462_group16,"['GO_1990484', 'GO_1990485', 'GO_0009060', 'GO_0019658', 'GO_0018936', 'GO_0009061', 'GO_0019410', 'GO_0018935', 'GO_0019652', 'GO_0019516']",SO_4758,SO_2772,SO_2769,SO_2762,SO_2761,SO_0752,SO_2760,SO_2747,SO_0760,SO_0761,SO_0762,SO_2746,SO_2774,SO_2743,SO_2731,SO_2728,SO_2723,SO_0770,SO_2705,SO_2683
GSE39462_group17,"['GO_1990484', 'GO_1990485', 'GO_0009060', 'GO_0019658', 'GO_0018936', 'GO_0009061', 'GO_0019410', 'GO_0018935', 'GO_0019652', 'GO_0019516']",SO_4313,SO_0269,SO_0268,SO_0267,SO_0266,SO_0265,SO_1490,SO_0263,SO_0262,SO_1489,SO_0261,SO_0259,SO_1493,SO_1494,SO_0257,SO_3047,SO_1063,SO_1519,SO_1520,SO_0260
GSE39462_group18,"['GO_1990484', 'GO_1990485', 'GO_0009060', 'GO_0019658', 'GO_0018936', 'GO_0009061', 'GO_0019410', 'GO_0018935', 'GO_0019652', 'GO_0019516']",SO_1161,SO_2263,SO_1242,SO_0752,SO_0753,SO_3651,SO_3652,SO_3656,SO_1221,SO_2181,SO_3740,SO_3743,SO_0767,SO_0770,SO_3765,SO_3772,SO_0781,SO_1101,SO_3599,SO_0324
GSE39462_group19,"['GO_1990484', 'GO_1990485', 'GO_0009060', 'GO_0019658', 'GO_0018936', 'GO_0009061', 'GO_0019410', 'GO_0018935', 'GO_0019652', 'GO_0019516']",SO_3514,SO_0259,SO_0263,SO_2069,SO_0779,SO_2070,SO_3972,SO_2071,SO_2072,SO_0279,SO_2073,SO_2361,SO_0770,SO_2918,SO_0767,SO_2929,SO_2916,SO_0755,SO_0753,SO_0748
GSE39462_group20,"['GO_1990484', 'GO_1990485', 'GO_0009060', 'GO_0019658', 'GO_0018936', 'GO_0009061', 'GO_0019410', 'GO_0018935', 'GO_0019652', 'GO_0019516']",SO_1209,SO_1101,SO_3471,SO_1065,SO_1060,SO_1044,SO_3503,SO_0223,SO_0225,SO_3505,SO_3506,SO_3507,SO_3509,SO_3510,SO_3514,SO_3537,SO_3542,SO_4480,SO_0970,SO_3546
GSE39462_group21,"['GO_1990484', 'GO_1990485', 'GO_0009060', 'GO_0019658', 'GO_0018936', 'GO_0009061', 'GO_0019410', 'GO_0018935', 'GO_0019652', 'GO_0019516']",SO_2855,SO_4313,SO_4303,SO_2725,SO_1524,SO_2045,SO_4286,SO_1204,SO_3241,SO_3242,SO_3243,SO_0874,SO_2856,SO_3245,SO_1207,SO_3247,SO_1203,SO_4317,SO_4318,SO_4319
GSE39462_group22,"['GO_1990484', 'GO_1990485', 'GO_0009060', 'GO_0019658', 'GO_0018936', 'GO_0009061', 'GO_0019410', 'GO_0018935', 'GO_0019652', 'GO_0019516']",SO_4758,SO_2540,SO_2500,SO_2491,SO_2490,SO_2489,SO_2488,SO_2487,SO_2486,SO_2477,SO_2476,SO_2436,SO_2435,SO_2433,SO_2427,SO_2422,SO_2417,SO_2416,SO_2415,SO_2411
GSE39462_group23,"['GO_1990484', 'GO_1990485', 'GO_0009060', 'GO_0019658', 'GO_0018936', 'GO_0009061', 'GO_0019410', 'GO_0018935', 'GO_0019652', 'GO_0019516']",SO_2491,SO_4157,SO_4155,SO_0612,SO_0610,SO_0609,SO_0608,SO_0603,SO_0595,SO_4133,SO_4126,SO_0581,SO_2486,SO_2487,SO_2488,SO_2489,SO_4120,SO_4106,SO_0547,SO_2578
GSE39462_group24,"['GO_1990484', 'GO_1990485', 'GO_0009060', 'GO_0019658', 'GO_0018936', 'GO_0009061', 'GO_0019410', 'GO_0018935', 'GO_0019652', 'GO_0019516']",SO_0423,SO_2067,SO_4034,SO_0617,SO_2046,SO_2045,SO_1258,SO_2044,SO_1051,SO_4054,SO_4056,SO_3343,SO_0624,SO_0301,SO_0625,SO_2439,SO_1267,SO_0298,SO_0297,SO_4098
GSE39462_group25,"['GO_1990484', 'GO_1990485', 'GO_0009060', 'GO_0019658', 'GO_0018936', 'GO_0009061', 'GO_0019410', 'GO_0018935', 'GO_0019652', 'GO_0019516']",SO_0298,SO_0809,SO_1755,SO_3532,SO_3537,SO_0521,SO_3545,SO_3546,SO_3547,SO_0291,SO_0520,SO_3548,SO_3560,SO_0286,SO_1690,SO_0522,SO_2787,SO_0818,SO_1683,SO_0279
GSE39462_group26,"['GO_1990484', 'GO_1990485', 'GO_0009060', 'GO_0019658', 'GO_0018936', 'GO_0009061', 'GO_0019410', 'GO_0018935', 'GO_0019652', 'GO_0019516']",SO_0547,SO_2477,SO_0703,SO_0704,SO_2433,SO_2416,SO_0298,SO_2415,SO_2411,SO_2404,SO_2403,SO_3764,SO_3765,SO_0291,SO_3772,SO_2402,SO_2396,SO_0286,SO_3787,SO_3800
GSE39462_group27,"['GO_1990484', 'GO_1990485', 'GO_0009060', 'GO_0019658', 'GO_0018936', 'GO_0009061', 'GO_0019410', 'GO_0018935', 'GO_0019652', 'GO_0019516']",SO_4758,SO_2439,SO_2436,SO_2435,SO_2433,SO_2427,SO_2426,SO_2416,SO_2415,SO_2411,SO_2410,SO_2404,SO_2403,SO_2402,SO_2396,SO_2366,SO_2364,SO_2363,SO_2362,SO_2361
GSE39462_group28,"['GO_1990484', 'GO_1990485', 'GO_0009060', 'GO_0019658', 'GO_0018936', 'GO_0009061', 'GO_0019410', 'GO_0018935', 'GO_0019652', 'GO_0019516']",SO_4758,SO_2476,SO_2474,SO_2439,SO_2435,SO_2433,SO_2427,SO_2424,SO_2423,SO_0576,SO_2422,SO_2415,SO_2411,SO_2407,SO_2404,SO_2403,SO_2398,SO_2396,SO_0603,SO_2416
GSE39462_group29,"['GO_1990484', 'GO_1990485', 'GO_0009060', 'GO_0019658', 'GO_0018936', 'GO_0009061', 'GO_0019410', 'GO_0018935', 'GO_0019652', 'GO_0019516']",SO_0536,SO_2071,SO_0624,SO_0625,SO_2070,SO_2069,SO_2068,SO_2067,SO_3837,SO_2072,SO_2046,SO_2042,SO_3842,SO_2017,SO_2016,SO_2010,SO_2007,SO_1995,SO_3848,SO_2045
GSE39462_group30,"['GO_1990484', 'GO_1990485', 'GO_0009060', 'GO_0019658', 'GO_0018936', 'GO_0009061', 'GO_0019410', 'GO_0018935', 'GO_0019652', 'GO_0019516']",SO_4246,SO_4015,SO_2279,SO_2278,SO_1112,SO_1111,SO_3505,SO_4034,SO_4450,SO_1101,SO_3503,SO_3024,SO_3263,SO_1095,SO_3497,SO_3496,SO_2829,SO_2813,SO_3506,SO_2290
GSE39462_group31,"['GO_1990484', 'GO_1990485', 'GO_0009060', 'GO_0019658', 'GO_0018936', 'GO_0009061', 'GO_0019410', 'GO_0018935', 'GO_0019652', 'GO_0019516']",SO_3099,SO_1044,SO_3514,SO_0466,SO_3510,SO_3509,SO_3507,SO_2072,SO_1042,SO_3505,SO_2073,SO_3503,SO_3497,SO_2074,SO_3496,SO_3506,SO_2087,SO_3537,SO_3542,SO_2067
GSE39462_group32,"['GO_1990484', 'GO_1990485', 'GO_0009060', 'GO_0019658', 'GO_0018936', 'GO_0009061', 'GO_0019410', 'GO_0018935', 'GO_0019652', 'GO_0019516']",SO_1568,SO_3819,SO_2832,SO_3837,SO_0919,SO_2829,SO_2800,SO_3855,SO_2791,SO_0930,SO_0933,SO_2787,SO_2780,SO_2769,SO_2767,SO_3888,SO_2759,SO_2753,SO_2745,SO_3904
GSE39462_group33,"['GO_1990484', 'GO_1990485', 'GO_0009060', 'GO_0019658', 'GO_0018936', 'GO_0009061', 'GO_0019410', 'GO_0018935', 'GO_0019652', 'GO_0019516']",SO_0449,SO_3237,SO_1825,SO_3247,SO_1824,SO_1816,SO_1800,SO_0360,SO_1796,SO_1795,SO_3286,SO_1794,SO_1793,SO_0703,SO_3313,SO_0704,SO_1787,SO_3343,SO_1755,SO_0344
GSE39462_group34,"['GO_1990484', 'GO_1990485', 'GO_0009060', 'GO_0019658', 'GO_0018936', 'GO_0009061', 'GO_0019410', 'GO_0018935', 'GO_0019652', 'GO_0019516']",SO_0536,SO_3597,SO_0358,SO_3599,SO_0752,SO_0753,SO_2110,SO_2093,SO_0760,SO_3651,SO_3681,SO_0346,SO_3682,SO_0344,SO_0761,SO_0762,SO_3715,SO_2087,SO_2086,SO_2085
GSE39462_group35,"['GO_1990484', 'GO_1990485', 'GO_0009060', 'GO_0019658', 'GO_0018936', 'GO_0009061', 'GO_0019410', 'GO_0018935', 'GO_0019652', 'GO_0019516']",SO_2800,SO_2403,SO_2404,SO_2427,SO_2439,SO_2486,SO_2487,SO_2488,SO_2489,SO_2490,SO_2491,SO_2499,SO_0466,SO_2507,SO_2375,SO_2578,SO_2585,SO_2587,SO_2593,SO_2601
GSE25821_group1,"['GO_0035980', 'GO_0100064', 'GO_0044010', 'GO_1904741', 'GO_0051252', 'GO_0001651', 'GO_0106159', 'GO_0033979', 'GO_1904740', 'GO_1902352']",SO_3102,SO_3994,SO_2872,SO_4270,SO_3299,SO_0356,SO_4752,SO_3807,SO_2164,SO_2202,SO_2029,SO_1876,SO_1524,SO_2317,SO_2747,SO_2816,SO_0890,SO_1949,SO_2938,SO_0730
GSE25821_group2,"['GO_0035980', 'GO_0100064', 'GO_0044010', 'GO_1904741', 'GO_0051252', 'GO_0001651', 'GO_0106159', 'GO_0033979', 'GO_1904740', 'GO_1902352']",SO_3102,SO_2872,SO_3994,SO_0356,SO_3299,SO_4270,SO_4752,SO_2164,SO_2202,SO_2029,SO_3807,SO_2938,SO_1876,SO_1524,SO_0968,SO_2317,SO_2747,SO_2816,SO_0890,SO_2810
GSE25821_group3,"['GO_0035980', 'GO_0100064', 'GO_0044010', 'GO_1904741', 'GO_0051252', 'GO_0001651', 'GO_0106159', 'GO_0033979', 'GO_1904740', 'GO_1902352']",SO_3102,SO_2872,SO_3994,SO_3299,SO_4270,SO_0356,SO_2202,SO_1876,SO_4752,SO_1524,SO_3807,SO_3667,SO_2317,SO_2816,SO_4546,SO_0890,SO_2810,SO_2164,SO_2747,SO_4385
GSE25821_group4,"['GO_0035980', 'GO_0100064', 'GO_0044010', 'GO_1904741', 'GO_0051252', 'GO_0001651', 'GO_0106159', 'GO_0033979', 'GO_1904740', 'GO_1902352']",SO_3102,SO_2872,SO_3299,SO_3994,SO_4270,SO_2202,SO_0356,SO_3667,SO_4752,SO_1876,SO_3807,SO_2317,SO_1524,SO_3348,SO_2747,SO_2816,SO_4546,SO_2810,SO_0890,SO_2164
GSE25821_group5,"['GO_0035980', 'GO_0100064', 'GO_0044010', 'GO_1904741', 'GO_0051252', 'GO_0001651', 'GO_0106159', 'GO_0033979', 'GO_1904740', 'GO_1902352']",SO_2161,SO_4270,SO_2029,SO_2872,SO_3102,SO_3819,SO_1915,SO_2202,SO_3299,SO_1872,SO_4349,SO_1362,SO_0392,SO_3301,SO_0817,SO_2597,SO_3457,SO_1518,SO_2564,SO_4319
GSE25821_group6,"['GO_0035980', 'GO_0100064', 'GO_0044010', 'GO_1904741', 'GO_0051252', 'GO_0001651', 'GO_0106159', 'GO_0033979', 'GO_1904740', 'GO_1902352']",SO_3102,SO_2872,SO_3299,SO_2202,SO_1876,SO_2029,SO_3819,SO_2317,SO_2161,SO_2816,SO_4546,SO_0890,SO_2810,SO_3667,SO_4385,SO_1766,SO_3994,SO_3807,SO_4270,SO_2164
GSE25821_group7,"['GO_0035980', 'GO_0100064', 'GO_0044010', 'GO_1904741', 'GO_0051252', 'GO_0001651', 'GO_0106159', 'GO_0033979', 'GO_1904740', 'GO_1902352']",SO_2029,SO_1915,SO_2161,SO_1362,SO_4349,SO_1361,SO_0392,SO_3819,SO_4554,SO_3687,SO_1518,SO_1872,SO_2872,SO_3299,SO_0818,SO_2597,SO_0817,SO_3102,SO_1324,SO_0867
GSE25821_group8,"['GO_0035980', 'GO_0100064', 'GO_0044010', 'GO_1904741', 'GO_0051252', 'GO_0001651', 'GO_0106159', 'GO_0033979', 'GO_1904740', 'GO_1902352']",SO_2161,SO_4270,SO_1915,SO_3819,SO_2029,SO_1362,SO_1361,SO_2872,SO_4349,SO_1518,SO_0817,SO_4655,SO_2202,SO_0818,SO_3102,SO_3299,SO_4236,SO_1872,SO_4319,SO_3301
GSE25821_group9,"['GO_0035980', 'GO_0100064', 'GO_0044010', 'GO_1904741', 'GO_0051252', 'GO_0001651', 'GO_0106159', 'GO_0033979', 'GO_1904740', 'GO_1902352']",SO_2161,SO_1915,SO_4270,SO_3819,SO_2029,SO_1518,SO_2872,SO_3299,SO_2202,SO_3102,SO_4349,SO_4655,SO_0817,SO_0392,SO_1362,SO_1042,SO_1361,SO_1872,SO_0867,SO_4319
GSE25821_group10,"['GO_0035980', 'GO_0100064', 'GO_0044010', 'GO_1904741', 'GO_0051252', 'GO_0001651', 'GO_0106159', 'GO_0033979', 'GO_1904740', 'GO_1902352']",SO_1518,SO_2161,SO_3819,SO_2029,SO_4270,SO_2872,SO_1915,SO_3102,SO_3299,SO_1519,SO_1362,SO_2202,SO_4349,SO_1361,SO_4319,SO_0392,SO_1872,SO_3301,SO_0817,SO_1042
GSE25821_group11,"['GO_0035980', 'GO_0100064', 'GO_0044010', 'GO_1904741', 'GO_0051252', 'GO_0001651', 'GO_0106159', 'GO_0033979', 'GO_1904740', 'GO_1902352']",SO_3972,SO_0818,SO_3972,SO_4349,SO_0185,SO_1518,SO_0817,SO_1361,SO_3972,SO_0867,SO_4655,SO_4651,SO_0758,SO_4319,SO_2337,SO_1362,SO_4055,SO_1486,SO_2161,SO_2029
GSE25821_group12,"['GO_0035980', 'GO_0100064', 'GO_0044010', 'GO_1904741', 'GO_0051252', 'GO_0001651', 'GO_0106159', 'GO_0033979', 'GO_1904740', 'GO_1902352']",SO_4349,SO_0818,SO_0867,SO_1361,SO_0817,SO_1518,SO_1362,SO_0866,SO_1830,SO_3415,SO_3687,SO_1915,SO_4655,SO_4056,SO_2161,SO_4651,SO_4319,SO_0273,SO_1519,SO_1751
GSE25821_group13,"['GO_0035980', 'GO_0100064', 'GO_0044010', 'GO_1904741', 'GO_0051252', 'GO_0001651', 'GO_0106159', 'GO_0033979', 'GO_1904740', 'GO_1902352']",SO_4349,SO_0818,SO_1915,SO_0866,SO_0867,SO_1361,SO_1518,SO_1362,SO_0424,SO_3687,SO_4056,SO_4655,SO_0865,SO_0273,SO_0817,SO_4651,SO_2161,SO_2444,SO_4319,SO_0564
GSE25821_group14,"['GO_0035980', 'GO_0100064', 'GO_0044010', 'GO_1904741', 'GO_0051252', 'GO_0001651', 'GO_0106159', 'GO_0033979', 'GO_1904740', 'GO_1902352']",SO_4349,SO_0818,SO_1915,SO_1361,SO_0866,SO_0867,SO_1518,SO_1362,SO_4056,SO_3687,SO_0865,SO_0564,SO_0817,SO_4655,SO_1519,SO_2444,SO_2161,SO_0274,SO_1325,SO_3741
GSE25821_group15,"['GO_0035980', 'GO_0100064', 'GO_0044010', 'GO_1904741', 'GO_0051252', 'GO_0001651', 'GO_0106159', 'GO_0033979', 'GO_1904740', 'GO_1902352']",SO_4349,SO_0818,SO_0866,SO_1915,SO_1361,SO_0867,SO_1362,SO_1518,SO_4651,SO_0817,SO_0564,SO_4056,SO_0865,SO_3687,SO_0273,SO_4655,SO_3415,SO_2161,SO_1519,SO_2444
GSE25821_group16,"['GO_0035980', 'GO_0100064', 'GO_0044010', 'GO_1904741', 'GO_0051252', 'GO_0001651', 'GO_0106159', 'GO_0033979', 'GO_1904740', 'GO_1902352']",SO_4349,SO_0818,SO_0866,SO_1915,SO_1361,SO_0867,SO_1518,SO_0564,SO_4651,SO_0273,SO_4655,SO_1362,SO_4319,SO_0865,SO_4056,SO_3687,SO_2161,SO_1519,SO_0817,SO_2444
GSE25821_group17,"['GO_0035980', 'GO_0100064', 'GO_0044010', 'GO_1904741', 'GO_0051252', 'GO_0001651', 'GO_0106159', 'GO_0033979', 'GO_1904740', 'GO_1902352']",SO_0818,SO_0866,SO_2195,SO_4651,SO_0867,SO_2196,SO_2195,SO_4349,SO_0817,SO_1030,SO_1915,SO_1361,SO_2858,SO_4056,SO_3687,SO_0185,SO_0837,SO_0564,SO_4319,SO_3134
GSE25821_group18,"['GO_0035980', 'GO_0100064', 'GO_0044010', 'GO_1904741', 'GO_0051252', 'GO_0001651', 'GO_0106159', 'GO_0033979', 'GO_1904740', 'GO_1902352']",SO_0818,SO_0866,SO_2195,SO_0867,SO_4349,SO_1915,SO_1361,SO_0817,SO_2195,SO_2196,SO_3687,SO_2858,SO_4651,SO_4319,SO_0564,SO_4056,SO_0837,SO_4655,SO_0185,SO_1030
GSE25821_group19,"['GO_0035980', 'GO_0100064', 'GO_0044010', 'GO_1904741', 'GO_0051252', 'GO_0001651', 'GO_0106159', 'GO_0033979', 'GO_1904740', 'GO_1902352']",SO_0866,SO_0818,SO_0867,SO_0996,SO_2445,SO_2858,SO_2442,SO_3687,SO_2444,SO_1915,SO_0185,SO_2713,SO_1324,SO_2443,SO_3686,SO_2073,SO_0120,SO_4349,SO_2441,SO_1751
GSE25821_group20,"['GO_0035980', 'GO_0100064', 'GO_0044010', 'GO_1904741', 'GO_0051252', 'GO_0001651', 'GO_0106159', 'GO_0033979', 'GO_1904740', 'GO_1902352']",SO_0867,SO_0866,SO_0818,SO_2444,SO_2445,SO_3687,SO_2442,SO_2858,SO_2443,SO_1915,SO_3686,SO_2441,SO_0185,SO_4349,SO_0996,SO_2072,SO_0865,SO_1324,SO_0120,SO_2073
GSE25821_group21,"['GO_0035980', 'GO_0100064', 'GO_0044010', 'GO_1904741', 'GO_0051252', 'GO_0001651', 'GO_0106159', 'GO_0033979', 'GO_1904740', 'GO_1902352']",SO_0867,SO_0818,SO_2444,SO_2442,SO_2445,SO_0866,SO_2441,SO_1915,SO_2443,SO_4349,SO_0185,SO_3687,SO_2858,SO_3686,SO_1324,SO_2072,SO_0865,SO_0817,SO_1822,SO_0120
GSE25821_group22,"['GO_0035980', 'GO_0100064', 'GO_0044010', 'GO_1904741', 'GO_0051252', 'GO_0001651', 'GO_0106159', 'GO_0033979', 'GO_1904740', 'GO_1902352']",SO_0867,SO_2442,SO_0818,SO_2444,SO_2445,SO_0866,SO_2441,SO_2443,SO_1915,SO_4349,SO_3687,SO_0817,SO_1361,SO_1324,SO_0185,SO_0865,SO_1325,SO_1362,SO_1822,SO_2072
GSE25821_group23,"['GO_0035980', 'GO_0100064', 'GO_0044010', 'GO_1904741', 'GO_0051252', 'GO_0001651', 'GO_0106159', 'GO_0033979', 'GO_1904740', 'GO_1902352']",SO_2442,SO_0818,SO_2445,SO_0866,SO_0867,SO_2444,SO_2443,SO_2441,SO_1324,SO_1361,SO_3687,SO_3686,SO_4349,SO_1915,SO_0817,SO_2073,SO_0865,SO_0185,SO_2072,SO_0275
GSE25821_group24,"['GO_0035980', 'GO_0100064', 'GO_0044010', 'GO_1904741', 'GO_0051252', 'GO_0001651', 'GO_0106159', 'GO_0033979', 'GO_1904740', 'GO_1902352']",SO_2442,SO_0818,SO_0867,SO_2444,SO_2445,SO_0866,SO_2443,SO_2441,SO_1362,SO_4349,SO_1361,SO_1324,SO_1325,SO_0817,SO_0865,SO_2858,SO_3687,SO_0877,SO_4236,SO_2445
GSE25821_group25,"['GO_0035980', 'GO_0100064', 'GO_0044010', 'GO_1904741', 'GO_0051252', 'GO_0001651', 'GO_0106159', 'GO_0033979', 'GO_1904740', 'GO_1902352']",SO_2445,SO_4290,SO_2444,SO_0818,SO_2442,SO_0867,SO_4292,SO_2443,SO_1915,SO_0866,SO_2441,SO_1324,SO_1532,SO_1362,SO_3819,SO_1361,SO_2858,SO_1325,SO_4289,SO_3687
GSE25821_group26,"['GO_0035980', 'GO_0100064', 'GO_0044010', 'GO_1904741', 'GO_0051252', 'GO_0001651', 'GO_0106159', 'GO_0033979', 'GO_1904740', 'GO_1902352']",SO_0867,SO_2444,SO_1915,SO_2445,SO_2442,SO_0818,SO_2441,SO_0866,SO_2443,SO_1532,SO_4349,SO_3819,SO_1362,SO_1361,SO_2858,SO_1325,SO_3687,SO_0564,SO_1324,SO_4236
GSE25821_group27,"['GO_0035980', 'GO_0100064', 'GO_0044010', 'GO_1904741', 'GO_0051252', 'GO_0001651', 'GO_0106159', 'GO_0033979', 'GO_1904740', 'GO_1902352']",SO_0818,SO_2445,SO_2444,SO_2442,SO_2443,SO_0867,SO_0564,SO_2441,SO_3102,SO_1324,SO_1361,SO_4236,SO_1325,SO_1532,SO_3819,SO_4349,SO_1362,SO_0866,SO_2713,SO_0275
GSE25821_group28,"['GO_0035980', 'GO_0100064', 'GO_0044010', 'GO_1904741', 'GO_0051252', 'GO_0001651', 'GO_0106159', 'GO_0033979', 'GO_1904740', 'GO_1902352']",SO_0818,SO_2445,SO_2444,SO_1532,SO_2442,SO_0867,SO_2443,SO_1915,SO_2441,SO_3102,SO_1361,SO_0564,SO_4236,SO_3819,SO_4349,SO_1362,SO_2713,SO_1325,SO_1030,SO_4652
GSE25821_group29,"['GO_0035980', 'GO_0100064', 'GO_0044010', 'GO_1904741', 'GO_0051252', 'GO_0001651', 'GO_0106159', 'GO_0033979', 'GO_1904740', 'GO_1902352']",SO_2442,SO_1915,SO_0818,SO_4349,SO_2445,SO_2444,SO_0867,SO_2441,SO_2443,SO_0866,SO_1361,SO_1362,SO_0564,SO_1518,SO_2713,SO_1324,SO_4651,SO_0273,SO_1325,SO_1532
GSE25821_group30,"['GO_0035980', 'GO_0100064', 'GO_0044010', 'GO_1904741', 'GO_0051252', 'GO_0001651', 'GO_0106159', 'GO_0033979', 'GO_1904740', 'GO_1902352']",SO_2442,SO_0867,SO_2444,SO_1915,SO_2445,SO_0818,SO_2443,SO_1362,SO_1532,SO_2441,SO_1361,SO_4349,SO_0564,SO_2069,SO_1325,SO_0866,SO_2073,SO_2767,SO_3415,SO_1518
GSE25821_group31,"['GO_0035980', 'GO_0100064', 'GO_0044010', 'GO_1904741', 'GO_0051252', 'GO_0001651', 'GO_0106159', 'GO_0033979', 'GO_1904740', 'GO_1902352']",SO_2442,SO_2444,SO_1915,SO_0867,SO_2445,SO_2443,SO_1362,SO_4349,SO_2441,SO_1361,SO_0564,SO_1518,SO_0818,SO_2073,SO_4652,SO_3415,SO_1324,SO_4651,SO_4655,SO_0866
GSE25821_group32,"['GO_0035980', 'GO_0100064', 'GO_0044010', 'GO_1904741', 'GO_0051252', 'GO_0001651', 'GO_0106159', 'GO_0033979', 'GO_1904740', 'GO_1902352']",SO_2444,SO_2442,SO_0867,SO_0818,SO_1362,SO_1361,SO_2445,SO_2443,SO_1915,SO_0564,SO_4652,SO_3415,SO_0866,SO_2441,SO_1518,SO_4349,SO_4655,SO_2767,SO_2161,SO_4651
GSE25821_group33,"['GO_0035980', 'GO_0100064', 'GO_0044010', 'GO_1904741', 'GO_0051252', 'GO_0001651', 'GO_0106159', 'GO_0033979', 'GO_1904740', 'GO_1902352']",SO_0818,SO_0866,SO_0867,SO_1361,SO_1362,SO_0564,SO_2444,SO_1518,SO_4652,SO_4349,SO_1915,SO_0817,SO_2442,SO_2445,SO_2443,SO_4655,SO_3737,SO_3599,SO_3415,SO_4651
GSE25821_group34,"['GO_0035980', 'GO_0100064', 'GO_0044010', 'GO_1904741', 'GO_0051252', 'GO_0001651', 'GO_0106159', 'GO_0033979', 'GO_1904740', 'GO_1902352']",SO_0818,SO_4349,SO_0867,SO_0866,SO_1915,SO_2444,SO_1361,SO_2445,SO_1362,SO_2442,SO_0564,SO_1518,SO_2443,SO_2441,SO_4056,SO_4655,SO_0865,SO_3415,SO_4652,SO_0273
GSE25821_group35,"['GO_0035980', 'GO_0100064', 'GO_0044010', 'GO_1904741', 'GO_0051252', 'GO_0001651', 'GO_0106159', 'GO_0033979', 'GO_1904740', 'GO_1902352']",SO_0818,SO_0866,SO_0867,SO_2442,SO_1362,SO_0564,SO_2444,SO_1915,SO_2445,SO_4349,SO_1361,SO_2443,SO_4652,SO_1518,SO_4056,SO_4655,SO_0817,SO_2713,SO_0273,SO_0185
GSE25821_group36,"['GO_0035980', 'GO_0100064', 'GO_0044010', 'GO_1904741', 'GO_0051252', 'GO_0001651', 'GO_0106159', 'GO_0033979', 'GO_1904740', 'GO_1902352']",SO_0866,SO_0818,SO_0867,SO_0564,SO_0185,SO_1361,SO_2444,SO_1915,SO_2445,SO_4349,SO_1362,SO_4652,SO_2442,SO_3687,SO_2443,SO_4056,SO_4655,SO_0865,SO_0817,SO_1518
GSE25821_group37,"['GO_0035980', 'GO_0100064', 'GO_0044010', 'GO_1904741', 'GO_0051252', 'GO_0001651', 'GO_0106159', 'GO_0033979', 'GO_1904740', 'GO_1902352']",SO_0867,SO_0818,SO_0866,SO_2444,SO_0185,SO_2445,SO_1915,SO_0564,SO_1361,SO_4349,SO_1362,SO_2442,SO_4652,SO_2443,SO_0273,SO_4056,SO_1908,SO_4655,SO_0865,SO_0817
GSE25821_group38,"['GO_0035980', 'GO_0100064', 'GO_0044010', 'GO_1904741', 'GO_0051252', 'GO_0001651', 'GO_0106159', 'GO_0033979', 'GO_1904740', 'GO_1902352']",SO_0818,SO_0867,SO_0866,SO_2445,SO_1362,SO_0185,SO_2442,SO_0564,SO_2444,SO_1915,SO_1361,SO_1908,SO_4652,SO_4349,SO_1962,SO_1751,SO_2443,SO_0273,SO_3599,SO_3737
GSE25821_group39,"['GO_0035980', 'GO_0100064', 'GO_0044010', 'GO_1904741', 'GO_0051252', 'GO_0001651', 'GO_0106159', 'GO_0033979', 'GO_1904740', 'GO_1902352']",SO_2442,SO_2444,SO_2445,SO_0818,SO_0866,SO_0564,SO_0867,SO_0401,SO_0273,SO_1908,SO_4652,SO_4651,SO_4655,SO_2443,SO_1962,SO_0185,SO_1915,SO_1361,SO_2441,SO_4506
GSE25821_group40,"['GO_0035980', 'GO_0100064', 'GO_0044010', 'GO_1904741', 'GO_0051252', 'GO_0001651', 'GO_0106159', 'GO_0033979', 'GO_1904740', 'GO_1902352']",SO_0818,SO_2445,SO_2444,SO_2442,SO_0866,SO_2713,SO_0867,SO_0564,SO_2441,SO_4655,SO_1915,SO_2443,SO_0401,SO_0273,SO_1361,SO_4349,SO_4596,SO_4652,SO_4651,SO_1908
GSE25821_group41,"['GO_0035980', 'GO_0100064', 'GO_0044010', 'GO_1904741', 'GO_0051252', 'GO_0001651', 'GO_0106159', 'GO_0033979', 'GO_1904740', 'GO_1902352']",SO_0818,SO_2442,SO_2445,SO_0866,SO_0273,SO_2444,SO_0867,SO_0564,SO_2443,SO_1915,SO_0185,SO_4655,SO_1361,SO_2441,SO_0401,SO_4651,SO_4349,SO_1362,SO_0817,SO_3819
GSE31535_group1,"['GO_1900190', 'GO_1900231', 'GO_1900187', 'GO_1900232', 'GO_1900188', 'GO_0043709', 'GO_1900233', 'GO_1900189', 'GO_1900191', 'GO_1900192']",SO_0275,SO_4463,SO_1028,SO_0279,SO_2019,SO_0277,SO_1027,SO_2018,SO_4462,SO_2016,SO_1029,SO_2017,SO_2688,SO_0278,SO_0276,SO_2128,SO_2127,SO_2015,SO_3475,SO_4321
GSE31535_group2,"['GO_1900190', 'GO_1900231', 'GO_1900187', 'GO_1900232', 'GO_1900188', 'GO_0043709', 'GO_1900233', 'GO_1900189', 'GO_1900191', 'GO_1900192']",SO_1094,SO_3250,SO_3312,SO_3311,SO_1452,SO_4004,SO_2127,SO_3544,SO_4114,SO_1402,SO_3920,SO_2974,SO_0344,SO_3545,SO_4154,SO_0447,SO_2569,SO_2658,SO_0104,SO_1072
GSE20379_group1,"['GO_0034965', 'GO_0033967', 'GO_0033979', 'GO_0034964', 'GO_0034966', 'GO_0009452', 'GO_0034963', 'GO_0019074', 'GO_0000476', 'GO_1990273']",SO_2821,SO_0635,SO_2178,SO_4230,SO_3537,SO_0876,SO_4706,SO_4126,SO_1764,SO_3397,SO_0119,SO_0844,SO_2305,SO_3967,SO_3781,SO_2137,SO_2162,SO_0206,SO_2468,SO_0437
GSE20379_group2,"['GO_0034965', 'GO_0033967', 'GO_0033979', 'GO_0034964', 'GO_0034966', 'GO_0009452', 'GO_0034963', 'GO_0019074', 'GO_0000476', 'GO_1990273']",SO_2469,SO_4754,SO_2178,SO_4126,SO_3905,SO_0479,SO_2821,SO_2559,SO_0787,SO_3537,SO_1751,SO_4138,SO_0119,SO_2476,SO_3577,SO_2312,SO_2629,SO_4215,SO_3331,SO_0734
GSE20379_group3,"['GO_0034965', 'GO_0033967', 'GO_0033979', 'GO_0034964', 'GO_0034966', 'GO_0009452', 'GO_0034963', 'GO_0019074', 'GO_0000476', 'GO_1990273']",SO_2178,SO_4754,SO_4126,SO_2469,SO_3905,SO_3134,SO_3331,SO_0479,SO_4138,SO_0119,SO_0787,SO_3577,SO_3017,SO_2312,SO_3928,SO_4472,SO_4215,SO_4385,SO_4241,SO_2821
GSE20379_group4,"['GO_0034965', 'GO_0033967', 'GO_0033979', 'GO_0034964', 'GO_0034966', 'GO_0009452', 'GO_0034963', 'GO_0019074', 'GO_0000476', 'GO_1990273']",SO_2178,SO_4754,SO_2469,SO_4126,SO_3905,SO_3134,SO_0479,SO_0119,SO_1751,SO_4215,SO_3331,SO_2629,SO_0787,SO_0639,SO_2312,SO_1686,SO_4615,SO_4241,SO_4617,SO_1508
GSE20379_group5,"['GO_0034965', 'GO_0033967', 'GO_0033979', 'GO_0034964', 'GO_0034966', 'GO_0009452', 'GO_0034963', 'GO_0019074', 'GO_0000476', 'GO_1990273']",SO_2469,SO_2178,SO_4126,SO_2821,SO_0479,SO_3905,SO_4754,SO_1676,SO_3537,SO_2877,SO_2629,SO_2636,SO_0639,SO_1686,SO_1751,SO_0844,SO_0119,SO_2476,SO_0734,SO_2312
GSE26935_group1,"['GO_0019073', 'GO_0019079', 'GO_0019070', 'GO_0039718', 'GO_1905137', 'GO_0019058', 'GO_0019072', 'GO_0046729', 'GO_1903900', 'GO_0039608']",SO_2713,SO_1371,SO_1360,SO_1303,SO_2472,SO_1048,SO_2967,SO_4515,SO_1037,SO_2965,SO_3650,SO_2778,SO_1169,SO_0567,SO_4245,SO_0004,SO_1933,SO_4491,SO_4320,SO_1203
GSE24994_group1,"['GO_0016049', 'GO_0030427', 'GO_0035839', 'GO_0061388', 'GO_0009932', 'GO_0001558', 'GO_0061389', 'GO_0000903', 'GO_0051210', 'GO_0048588']",SO_0327,SO_3426,SO_4352,SO_3650,SO_1253,SO_0266,SO_2432,SO_2574,SO_0262,SO_4430,SO_0269,SO_4703,SO_2112,SO_1383,SO_3080,SO_4116,SO_3414,SO_2257,SO_2822,SO_2830
GSE25865_group1,"['GO_0046215', 'GO_0019411', 'GO_0019290', 'GO_0033214', 'GO_0033215', 'GO_0098706', 'GO_0033573', 'GO_1903988', 'GO_0005381', 'GO_0044847']",SO_0814,SO_2709,SO_2844,SO_2704,SO_0564,SO_2467,SO_2018,SO_0463,SO_4318,SO_3110,SO_3548,SO_0080,SO_1892,SO_1797,SO_3194,SO_1150,SO_1697,SO_3606,SO_1261,SO_0285
GSE25865_group2,"['GO_0046215', 'GO_0019411', 'GO_0019290', 'GO_0033214', 'GO_0033215', 'GO_0098706', 'GO_0033573', 'GO_1903988', 'GO_0005381', 'GO_0044847']",SO_0039,SO_2709,SO_3727,SO_2844,SO_1368,SO_2704,SO_2018,SO_4318,SO_3402,SO_3110,SO_0546,SO_0087,SO_3194,SO_2318,SO_3601,SO_0285,SO_1892,SO_1870,SO_3581,SO_0080
GSE25865_group3,"['GO_0046215', 'GO_0019411', 'GO_0019290', 'GO_0033214', 'GO_0033215', 'GO_0098706', 'GO_0033573', 'GO_1903988', 'GO_0005381', 'GO_0044847']",SO_4253,SO_3057,SO_2597,SO_2709,SO_1288,SO_2467,SO_2844,SO_0329,SO_3126,SO_3034,SO_0463,SO_0080,SO_3234,SO_0051,SO_1356,SO_3757,SO_3402,SO_0794,SO_2449,SO_0594
GSE20343_group1,"['GO_0019661', 'GO_0019659', 'GO_0019658', 'GO_0043464', 'GO_0030645', 'GO_0019516', 'GO_0019249', 'GO_0019650', 'GO_0019652', 'GO_0090540']",SO_4754,SO_3759,SO_3422,SO_3973,SO_1512,SO_3896,SO_1307,SO_0119,SO_2301,SO_3657,SO_0220,SO_0680,SO_3422,SO_2151,SO_1097,SO_2254,SO_4080,SO_4134,SO_2300,SO_0343
GSE20343_group2,"['GO_0019661', 'GO_0019659', 'GO_0019658', 'GO_0043464', 'GO_0030645', 'GO_0019516', 'GO_0019249', 'GO_0019650', 'GO_0019652', 'GO_0090540']",SO_4754,SO_3422,SO_3657,SO_1855,SO_1295,SO_3422,SO_2401,SO_2595,SO_3432,SO_4134,SO_2787,SO_0694,SO_2401,SO_3426,SO_2727,SO_4726,SO_1895,SO_1821,SO_2301,SO_1420
GSE21044_group1,"['GO_0030427', 'GO_0035839', 'GO_0051210', 'GO_0035840', 'GO_1990902', 'GO_0097321', 'GO_0044770', 'GO_0071977', 'GO_0071975', 'GO_0061389']",SO_1668,SO_0838,SO_4404,SO_0606,SO_1696,SO_1053,SO_2469,SO_2474,SO_4725,SO_0860,SO_4735,SO_1115,SO_0748,SO_2717,SO_4244,SO_4714,SO_3891,SO_0785,SO_1714,SO_1574
GSE15334_group1,"['GO_0110075', 'GO_0004323', 'GO_0004322', 'GO_0033573', 'GO_0019290', 'GO_0061840', 'GO_1905862', 'GO_0140641', 'GO_0160020', 'GO_0015356']",SO_0449,SO_0014,SO_4555,SO_4601,SO_2361,SO_1784,SO_0194,SO_3250,SO_3094,SO_2180,SO_2919,SO_3937,SO_1370,SO_4584,SO_3025,SO_3546,SO_4589,SO_3974,SO_0011,SO_1458
GSE15334_group2,"['GO_0110075', 'GO_0004323', 'GO_0004322', 'GO_0033573', 'GO_0019290', 'GO_0061840', 'GO_1905862', 'GO_0140641', 'GO_0160020', 'GO_0015356']",SO_0449,SO_1784,SO_3025,SO_4555,SO_1298,SO_1355,SO_4094,SO_1274,SO_2361,SO_0839,SO_2180,SO_4322,SO_1165,SO_1264,SO_1261,SO_3647,SO_1265,SO_1107,SO_3316,SO_3592
GSE15334_group3,"['GO_0110075', 'GO_0004323', 'GO_0004322', 'GO_0033573', 'GO_0019290', 'GO_0061840', 'GO_1905862', 'GO_0140641', 'GO_0160020', 'GO_0015356']",SO_1355,SO_3025,SO_0449,SO_1784,SO_0444,SO_4688,SO_1298,SO_2916,SO_2361,SO_1931,SO_3000,SO_3647,SO_1264,SO_0839,SO_4649,SO_1385,SO_2240,SO_1107,SO_1579,SO_3469
GSE15334_group4,"['GO_0110075', 'GO_0004323', 'GO_0004322', 'GO_0033573', 'GO_0019290', 'GO_0061840', 'GO_1905862', 'GO_0140641', 'GO_0160020', 'GO_0015356']",SO_3025,SO_4206,SO_2395,SO_1265,SO_1910,SO_4205,SO_3901,SO_0582,SO_1255,SO_3613,SO_0449,SO_3834,SO_0038,SO_4111,SO_3855,SO_1183,SO_3463,SO_4096,SO_0106,SO_0835
GSE15334_group5,"['GO_0110075', 'GO_0004323', 'GO_0004322', 'GO_0033573', 'GO_0019290', 'GO_0061840', 'GO_1905862', 'GO_0140641', 'GO_0160020', 'GO_0015356']",SO_3025,SO_4206,SO_4207,SO_1910,SO_4205,SO_2743,SO_0344,SO_2395,SO_3348,SO_3740,SO_0343,SO_0106,SO_0449,SO_0807,SO_1252,SO_1355,SO_3969,SO_3583,SO_4043,SO_1045
GSE15334_group6,"['GO_0110075', 'GO_0004323', 'GO_0004322', 'GO_0033573', 'GO_0019290', 'GO_0061840', 'GO_1905862', 'GO_0140641', 'GO_0160020', 'GO_0015356']",SO_0343,SO_2743,SO_0344,SO_3025,SO_4206,SO_3969,SO_1252,SO_4043,SO_1910,SO_3740,SO_0106,SO_4207,SO_3583,SO_3901,SO_1265,SO_4205,SO_1895,SO_1300,SO_1045,SO_3834
GSE15334_group7,"['GO_0110075', 'GO_0004323', 'GO_0004322', 'GO_0033573', 'GO_0019290', 'GO_0061840', 'GO_1905862', 'GO_0140641', 'GO_0160020', 'GO_0015356']",SO_0343,SO_0344,SO_3025,SO_3969,SO_3740,SO_1300,SO_0449,SO_3583,SO_2743,SO_0106,SO_1045,SO_3592,SO_3613,SO_1910,SO_1678,SO_4207,SO_0065,SO_3834,SO_3855,SO_1679
GSE15334_group8,"['GO_0110075', 'GO_0004323', 'GO_0004322', 'GO_0033573', 'GO_0019290', 'GO_0061840', 'GO_1905862', 'GO_0140641', 'GO_0160020', 'GO_0015356']",SO_0343,SO_3969,SO_0839,SO_0344,SO_0106,SO_4206,SO_1045,SO_1205,SO_2743,SO_4319,SO_3592,SO_4205,SO_1183,SO_1895,SO_3740,SO_2926,SO_1686,SO_3799,SO_0065,SO_3088
GSE15334_group9,"['GO_0110075', 'GO_0004323', 'GO_0004322', 'GO_0033573', 'GO_0019290', 'GO_0061840', 'GO_1905862', 'GO_0140641', 'GO_0160020', 'GO_0015356']",SO_3969,SO_0343,SO_4043,SO_1045,SO_2743,SO_1895,SO_2706,SO_0106,SO_0839,SO_0516,SO_0609,SO_3855,SO_4206,SO_0344,SO_1385,SO_4319,SO_1928,SO_3592,SO_1679,SO_3740
GSE15334_group10,"['GO_0110075', 'GO_0004323', 'GO_0004322', 'GO_0033573', 'GO_0019290', 'GO_0061840', 'GO_1905862', 'GO_0140641', 'GO_0160020', 'GO_0015356']",SO_4719,SO_1300,SO_3855,SO_1686,SO_0065,SO_1784,SO_2898,SO_3592,SO_4118,SO_1757,SO_2929,SO_4206,SO_4619,SO_2415,SO_1045,SO_3953,SO_0582,SO_3174,SO_1471,SO_0010
GSE15334_group11,"['GO_0110075', 'GO_0004323', 'GO_0004322', 'GO_0033573', 'GO_0019290', 'GO_0061840', 'GO_1905862', 'GO_0140641', 'GO_0160020', 'GO_0015356']",SO_3592,SO_3855,SO_1757,SO_4719,SO_2929,SO_1300,SO_2706,SO_0010,SO_1686,SO_4206,SO_1944,SO_2926,SO_0065,SO_1678,SO_0582,SO_4118,SO_2898,SO_4207,SO_2359,SO_3025
GSE15334_group12,"['GO_0110075', 'GO_0004323', 'GO_0004322', 'GO_0033573', 'GO_0019290', 'GO_0061840', 'GO_1905862', 'GO_0140641', 'GO_0160020', 'GO_0015356']",SO_1686,SO_4118,SO_3855,SO_4719,SO_0065,SO_1944,SO_1928,SO_2743,SO_2926,SO_3592,SO_2514,SO_1679,SO_3114,SO_3174,SO_0450,SO_1196,SO_1264,SO_0343,SO_2415,SO_0191
GSE15657_group1,"['GO_0071043', 'GO_0033979', 'GO_0071034', 'GO_0002103', 'GO_0034585', 'GO_0010239', 'GO_0000467', 'GO_0000465', 'GO_0000466', 'GO_0031425']",SO_0624,SO_0439,SO_0827,SO_0940,SO_3507,SO_0027,SO_0941,SO_4591,SO_3538,SO_3506,SO_1415,SO_2111,SO_3505,SO_1911,SO_1427,SO_1777,SO_0944,SO_2727,SO_3504,SO_3506
GSE15657_group2,"['GO_0071043', 'GO_0033979', 'GO_0071034', 'GO_0002103', 'GO_0034585', 'GO_0010239', 'GO_0000467', 'GO_0000465', 'GO_0000466', 'GO_0031425']",SO_0725,SO_3507,SO_2178,SO_4569,SO_1192,SO_3506,SO_0956,SO_4640,SO_3505,SO_4649,SO_0725,SO_3506,SO_2178,SO_0771,SO_0973,SO_3107,SO_3505,SO_1876,SO_3504,SO_4649
GSE7973_group1,"['GO_0046258', 'GO_0000092', 'GO_0018975', 'GO_0035838', 'GO_0000236', 'GO_0033611', 'GO_0044839', 'GO_0044222', 'GO_0070276', 'GO_0007084']",SO_1233,SO_0867,SO_0020,SO_2857,SO_2907,SO_2824,SO_2260,SO_1428,SO_3565,SO_1484,SO_1430,SO_2361,SO_1429,SO_1232,SO_2407,SO_2363,SO_2364,SO_4694,SO_0142,SO_0021
GSE4489_group1,"['GO_0009631', 'GO_0042309', 'GO_0080190', 'GO_0080192', 'GO_0046057', 'GO_0009632', 'GO_0050825', 'GO_0106379', 'GO_0140453', 'GO_0106433']",SO_1863,SO_2871,SO_2741,SO_3670,SO_4567,SO_3658,SO_1449,SO_1479,SO_1482,SO_0550,SO_3074,SO_0665,SO_0543,SO_3407,SO_1872,SO_4743,SO_0217,SO_2039,SO_0855,SO_1764
GSE4489_group2,"['GO_0009631', 'GO_0042309', 'GO_0080190', 'GO_0080192', 'GO_0046057', 'GO_0009632', 'GO_0050825', 'GO_0106379', 'GO_0140453', 'GO_0106433']",SO_0855,SO_3407,SO_2039,SO_0665,SO_0744,SO_1863,SO_1482,SO_0713,SO_0217,SO_1241,SO_2741,SO_1068,SO_2177,SO_2589,SO_3595,SO_0550,SO_0958,SO_2537,SO_1872,SO_0205
GSE4489_group3,"['GO_0009631', 'GO_0042309', 'GO_0080190', 'GO_0080192', 'GO_0046057', 'GO_0009632', 'GO_0050825', 'GO_0106379', 'GO_0140453', 'GO_0106433']",SO_4072,SO_3599,SO_2491,SO_0855,SO_4598,SO_0995,SO_2589,SO_2039,SO_1482,SO_0744,SO_1580,SO_0958,SO_0205,SO_1479,SO_3923,SO_0217,SO_1872,SO_3407,SO_0713,SO_0182
GSE4489_group4,"['GO_0009631', 'GO_0042309', 'GO_0080190', 'GO_0080192', 'GO_0046057', 'GO_0009632', 'GO_0050825', 'GO_0106379', 'GO_0140453', 'GO_0106433']",SO_1482,SO_3407,SO_3658,SO_0995,SO_0855,SO_0665,SO_0958,SO_0217,SO_4743,SO_0744,SO_3923,SO_2039,SO_2491,SO_0713,SO_1872,SO_0182,SO_0543,SO_1479,SO_2859,SO_3599
GSE4489_group5,"['GO_0009631', 'GO_0042309', 'GO_0080190', 'GO_0080192', 'GO_0046057', 'GO_0009632', 'GO_0050825', 'GO_0106379', 'GO_0140453', 'GO_0106433']",SO_0927,SO_2971,SO_1872,SO_1722,SO_3074,SO_0744,SO_3684,SO_2491,SO_0217,SO_1764,SO_2969,SO_1405,SO_1482,SO_4691,SO_3590,SO_1496,SO_1703,SO_2965,SO_3407,SO_2537
GSE4489_group6,"['GO_0009631', 'GO_0042309', 'GO_0080190', 'GO_0080192', 'GO_0046057', 'GO_0009632', 'GO_0050825', 'GO_0106379', 'GO_0140453', 'GO_0106433']",SO_3407,SO_1703,SO_1764,SO_4598,SO_1405,SO_1872,SO_1323,SO_2071,SO_2177,SO_0205,SO_0217,SO_2491,SO_2537,SO_1482,SO_2628,SO_3923,SO_0927,SO_2971,SO_2974,SO_3658
GSE4489_group7,"['GO_0009631', 'GO_0042309', 'GO_0080190', 'GO_0080192', 'GO_0046057', 'GO_0009632', 'GO_0050825', 'GO_0106379', 'GO_0140453', 'GO_0106433']",SO_3658,SO_1703,SO_1764,SO_1872,SO_3599,SO_2177,SO_0217,SO_2973,SO_0744,SO_3708,SO_2537,SO_2971,SO_4598,SO_3923,SO_0780,SO_0205,SO_3515,SO_0855,SO_3230,SO_3596
GSE4489_group8,"['GO_0009631', 'GO_0042309', 'GO_0080190', 'GO_0080192', 'GO_0046057', 'GO_0009632', 'GO_0050825', 'GO_0106379', 'GO_0140453', 'GO_0106433']",SO_4598,SO_2039,SO_1479,SO_1703,SO_3658,SO_3923,SO_0217,SO_2589,SO_1482,SO_0855,SO_0205,SO_3019,SO_0713,SO_2971,SO_2177,SO_1872,SO_2537,SO_2491,SO_1621,SO_4743
GSE4489_group9,"['GO_0009631', 'GO_0042309', 'GO_0080190', 'GO_0080192', 'GO_0046057', 'GO_0009632', 'GO_0050825', 'GO_0106379', 'GO_0140453', 'GO_0106433']",SO_3407,SO_1482,SO_0217,SO_2741,SO_0995,SO_2039,SO_3596,SO_2971,SO_3515,SO_3923,SO_2491,SO_1764,SO_2589,SO_4603,SO_1872,SO_1703,SO_0205,SO_1621,SO_4598,SO_0182
GSE4489_group10,"['GO_0009631', 'GO_0042309', 'GO_0080190', 'GO_0080192', 'GO_0046057', 'GO_0009632', 'GO_0050825', 'GO_0106379', 'GO_0140453', 'GO_0106433']",SO_1405,SO_0744,SO_2039,SO_3923,SO_0116,SO_0995,SO_1764,SO_1703,SO_1621,SO_4603,SO_2741,SO_1617,SO_4598,SO_3658,SO_1482,SO_3407,SO_0205,SO_3515,SO_0217,SO_3596
GSE4489_group11,"['GO_0009631', 'GO_0042309', 'GO_0080190', 'GO_0080192', 'GO_0046057', 'GO_0009632', 'GO_0050825', 'GO_0106379', 'GO_0140453', 'GO_0106433']",SO_0995,SO_2971,SO_3515,SO_3407,SO_0217,SO_3596,SO_1703,SO_1764,SO_4603,SO_4598,SO_1405,SO_1482,SO_0205,SO_2491,SO_2039,SO_1621,SO_3923,SO_1872,SO_2741,SO_2589
GSE4489_group12,"['GO_0009631', 'GO_0042309', 'GO_0080190', 'GO_0080192', 'GO_0046057', 'GO_0009632', 'GO_0050825', 'GO_0106379', 'GO_0140453', 'GO_0106433']",SO_3407,SO_1482,SO_0744,SO_2039,SO_0217,SO_0665,SO_3658,SO_0713,SO_0995,SO_4743,SO_3923,SO_3599,SO_1479,SO_1580,SO_4072,SO_0958,SO_4598,SO_2589,SO_2177,SO_0855
GSE3876_group1,"['GO_0009432', 'GO_0019833', 'GO_0075141', 'GO_0043664', 'GO_0043665', 'GO_0085014', 'GO_0043663', 'GO_0042309', 'GO_0071497', 'GO_0070111']",SO_0729,SO_1888,SO_4618,SO_2301,SO_1903,SO_1095,SO_1302,SO_2033,SO_1714,SO_1774,SO_2886,SO_2095,SO_4274,SO_1984,SO_1002,SO_0804,SO_1231,SO_2793,SO_3859,SO_1677
GSE3876_group2,"['GO_0009432', 'GO_0019833', 'GO_0075141', 'GO_0043664', 'GO_0043665', 'GO_0085014', 'GO_0043663', 'GO_0042309', 'GO_0071497', 'GO_0070111']",SO_2073,SO_2587,SO_2074,SO_4055,SO_0818,SO_3913,SO_2071,SO_4235,SO_4234,SO_3030,SO_4236,SO_4233,SO_2072,SO_4345,SO_2093,SO_4054,SO_2070,SO_2888,SO_1787,SO_1343
GSE3876_group3,"['GO_0009432', 'GO_0019833', 'GO_0075141', 'GO_0043664', 'GO_0043665', 'GO_0085014', 'GO_0043663', 'GO_0042309', 'GO_0071497', 'GO_0070111']",SO_2587,SO_0818,SO_2074,SO_4055,SO_2073,SO_4235,SO_0279,SO_4234,SO_4236,SO_4346,SO_4233,SO_3560,SO_1676,SO_3674,SO_4056,SO_2071,SO_4345,SO_3675,SO_3030,SO_3913
GSE3876_group4,"['GO_0009432', 'GO_0019833', 'GO_0075141', 'GO_0043664', 'GO_0043665', 'GO_0085014', 'GO_0043663', 'GO_0042309', 'GO_0071497', 'GO_0070111']",SO_0277,SO_4054,SO_3030,SO_2587,SO_3286,SO_2074,SO_2073,SO_2364,SO_3032,SO_4056,SO_4235,SO_4234,SO_0818,SO_0935,SO_4055,SO_3980,SO_0275,SO_1030,SO_2072,SO_4345
GSE3876_group5,"['GO_0009432', 'GO_0019833', 'GO_0075141', 'GO_0043664', 'GO_0043665', 'GO_0085014', 'GO_0043663', 'GO_0042309', 'GO_0071497', 'GO_0070111']",SO_2587,SO_0277,SO_4054,SO_0275,SO_3030,SO_4056,SO_0818,SO_4055,SO_2074,SO_1888,SO_1676,SO_3980,SO_4235,SO_0279,SO_2493,SO_3032,SO_4234,SO_4344,SO_4236,SO_3740
GSE3876_group6,"['GO_0009432', 'GO_0019833', 'GO_0075141', 'GO_0043664', 'GO_0043665', 'GO_0085014', 'GO_0043663', 'GO_0042309', 'GO_0071497', 'GO_0070111']",SO_3006,SO_4054,SO_1042,SO_0277,SO_2982,SO_0275,SO_3012,SO_4056,SO_3010,SO_2903,SO_4513,SO_4515,SO_1698,SO_4055,SO_4345,SO_3146,SO_4235,SO_4234,SO_2884,SO_4346
GSE3876_group7,"['GO_0009432', 'GO_0019833', 'GO_0075141', 'GO_0043664', 'GO_0043665', 'GO_0085014', 'GO_0043663', 'GO_0042309', 'GO_0071497', 'GO_0070111']",SO_3006,SO_3179,SO_0277,SO_4054,SO_2982,SO_3864,SO_4056,SO_3012,SO_1698,SO_0275,SO_4055,SO_4515,SO_3010,SO_4513,SO_0818,SO_1325,SO_2884,SO_2098,SO_1070,SO_2540
GSE3876_group8,"['GO_0009432', 'GO_0019833', 'GO_0075141', 'GO_0043664', 'GO_0043665', 'GO_0085014', 'GO_0043663', 'GO_0042309', 'GO_0071497', 'GO_0070111']",SO_2886,SO_0275,SO_4054,SO_3286,SO_4157,SO_2073,SO_3863,SO_0277,SO_4056,SO_3896,SO_3864,SO_1070,SO_0907,SO_2364,SO_4345,SO_0970,SO_3284,SO_0906,SO_3285,SO_4515
GSE3876_group9,"['GO_0009432', 'GO_0019833', 'GO_0075141', 'GO_0043664', 'GO_0043665', 'GO_0085014', 'GO_0043663', 'GO_0042309', 'GO_0071497', 'GO_0070111']",SO_2886,SO_3863,SO_0275,SO_4054,SO_3286,SO_0907,SO_2073,SO_3284,SO_0277,SO_0903,SO_0970,SO_2074,SO_1070,SO_4345,SO_4157,SO_3285,SO_4056,SO_4591,SO_2364,SO_4513
GSE3876_group10,"['GO_0009432', 'GO_0019833', 'GO_0075141', 'GO_0043664', 'GO_0043665', 'GO_0085014', 'GO_0043663', 'GO_0042309', 'GO_0071497', 'GO_0070111']",SO_4054,SO_3864,SO_0277,SO_3980,SO_4056,SO_0975,SO_0275,SO_0818,SO_1070,SO_4513,SO_3030,SO_4515,SO_0958,SO_4055,SO_2074,SO_3286,SO_4344,SO_1377,SO_4345,SO_4346
GSE3876_group11,"['GO_0009432', 'GO_0019833', 'GO_0075141', 'GO_0043664', 'GO_0043665', 'GO_0085014', 'GO_0043663', 'GO_0042309', 'GO_0071497', 'GO_0070111']",SO_2587,SO_1377,SO_0276,SO_0277,SO_2886,SO_2887,SO_3864,SO_0275,SO_1888,SO_3863,SO_4366,SO_3388,SO_2790,SO_2929,SO_0242,SO_4206,SO_3740,SO_1043,SO_2074,SO_1751
GSE3876_group12,"['GO_0009432', 'GO_0019833', 'GO_0075141', 'GO_0043664', 'GO_0043665', 'GO_0085014', 'GO_0043663', 'GO_0042309', 'GO_0071497', 'GO_0070111']",SO_0277,SO_2587,SO_0275,SO_3030,SO_3864,SO_3286,SO_0403,SO_1042,SO_0975,SO_1377,SO_0958,SO_1888,SO_4591,SO_3980,SO_1070,SO_2886,SO_2098,SO_1673,SO_0970,SO_3896
GSE3876_group13,"['GO_0009432', 'GO_0019833', 'GO_0075141', 'GO_0043664', 'GO_0043665', 'GO_0085014', 'GO_0043663', 'GO_0042309', 'GO_0071497', 'GO_0070111']",SO_1361,SO_2073,SO_1362,SO_2074,SO_0846,SO_2963,SO_4513,SO_2944,SO_2951,SO_3010,SO_2427,SO_4347,SO_2969,SO_2938,SO_2982,SO_2966,SO_2953,SO_4235,SO_4344,SO_4345
GSE3876_group14,"['GO_0009432', 'GO_0019833', 'GO_0075141', 'GO_0043664', 'GO_0043665', 'GO_0085014', 'GO_0043663', 'GO_0042309', 'GO_0071497', 'GO_0070111']",SO_1361,SO_3980,SO_2963,SO_2951,SO_2969,SO_2953,SO_2074,SO_3006,SO_2907,SO_2953,SO_1362,SO_4515,SO_2982,SO_4344,SO_4345,SO_2884,SO_4346,SO_4372,SO_2944,SO_4513
GSE3876_group15,"['GO_0009432', 'GO_0019833', 'GO_0075141', 'GO_0043664', 'GO_0043665', 'GO_0085014', 'GO_0043663', 'GO_0042309', 'GO_0071497', 'GO_0070111']",SO_2364,SO_0275,SO_0277,SO_2886,SO_2963,SO_1070,SO_3010,SO_3006,SO_2982,SO_4345,SO_3012,SO_4234,SO_4513,SO_2969,SO_4515,SO_4344,SO_3030,SO_4235,SO_2363,SO_0958
GSE3876_group16,"['GO_0009432', 'GO_0019833', 'GO_0075141', 'GO_0043664', 'GO_0043665', 'GO_0085014', 'GO_0043663', 'GO_0042309', 'GO_0071497', 'GO_0070111']",SO_0277,SO_3006,SO_3030,SO_2587,SO_3740,SO_0958,SO_2963,SO_1120,SO_2969,SO_4372,SO_4513,SO_2982,SO_0275,SO_3819,SO_0729,SO_3452,SO_4346,SO_0818,SO_2097,SO_3819
GSE3876_group17,"['GO_0009432', 'GO_0019833', 'GO_0075141', 'GO_0043664', 'GO_0043665', 'GO_0085014', 'GO_0043663', 'GO_0042309', 'GO_0071497', 'GO_0070111']",SO_2963,SO_2969,SO_3286,SO_2886,SO_2073,SO_0277,SO_2982,SO_3030,SO_3006,SO_2364,SO_0275,SO_2074,SO_0958,SO_4235,SO_3012,SO_1070,SO_4234,SO_2071,SO_2953,SO_3863
GSE3876_group18,"['GO_0009432', 'GO_0019833', 'GO_0075141', 'GO_0043664', 'GO_0043665', 'GO_0085014', 'GO_0043663', 'GO_0042309', 'GO_0071497', 'GO_0070111']",SO_0277,SO_3864,SO_3030,SO_2587,SO_2969,SO_2963,SO_0958,SO_0403,SO_3740,SO_3006,SO_0975,SO_4055,SO_4056,SO_0279,SO_4054,SO_1042,SO_2982,SO_0275,SO_4513,SO_4516
