index,0,1,2,3,4,5,6,7,8,9,10,11,12,13,14,15,16,17,18,19,GSM
GSE220284_group1,SO_1222,SO_3990,SO_4048,SO_1894,SO_3822,SO_3303,SO_0746,SO_3875,SO_3726,SO_2008,SO_2228,SO_1736,SO_1825,SO_0011,SO_4552,SO_0074,SO_4075,SO_3549,SO_2347,SO_0322,GSM6797850
GSE142643_group1,SO_2223,SO_3566,SO_1350,SO_2894,SO_2407,SO_1124,SO_0888,SO_1445,SO_3470,SO_4480,SO_2347,SO_3384,SO_1793,SO_0863,SO_4208,SO_3061,SO_4314,SO_2016,SO_0008,SO_4550,GSM4233510
GSE142643_group2,SO_2223,SO_3566,SO_1350,SO_2894,SO_1124,SO_2407,SO_0888,SO_1445,SO_3470,SO_4480,SO_2347,SO_3384,SO_0863,SO_4314,SO_1793,SO_2016,SO_4208,SO_3061,SO_0008,SO_0526,GSM4233510
GSE142643_group3,SO_1427,SO_2121,SO_0197,SO_1749,SO_1015,SO_1203,SO_2281,SO_2399,SO_1350,SO_3683,SO_3181,SO_0938,SO_2601,SO_3354,SO_4208,SO_2347,SO_3960,SO_4342,SO_1289,SO_4703,GSM4233510
GSE142642_group1,SO_3566,SO_2223,SO_2121,SO_1427,SO_1749,SO_4480,SO_3686,SO_1015,SO_1793,SO_3104,SO_2399,SO_1203,SO_0526,SO_3683,SO_0197,SO_3831,SO_2601,SO_4618,SO_0008,SO_4305,GSM4233510
GSE142641_group1,SO_1350,SO_2223,SO_3566,SO_2407,SO_2894,SO_0863,SO_1445,SO_1124,SO_2016,SO_3384,SO_0888,SO_3104,SO_4480,SO_3061,SO_3470,SO_2347,SO_0290,SO_0562,SO_1793,SO_0526,GSM4233502
GSE102264_group1,SO_1190,SO_1017,SO_2008,SO_2708,SO_2045,SO_4743,SO_2588,SO_4105,SO_2421,SO_0566,SO_1268,SO_1015,SO_0565,SO_2410,SO_1010,SO_4155,SO_0168,SO_0239,SO_1013,SO_0939,GSM2732684
GSE102264_group2,SO_2117,SO_1890,SO_1830,SO_0864,SO_2460,SO_1822,SO_0925,SO_2427,SO_2795,SO_2469,SO_4530,SO_1503,SO_1787,SO_2144,SO_1476,SO_1227,SO_1317,SO_0056,SO_3280,SO_2924,GSM2732684
GSE102264_group3,SO_0864,SO_2117,SO_1830,SO_0925,SO_1227,SO_3764,SO_1787,SO_2460,SO_2795,SO_4667,SO_3787,SO_2829,SO_2469,SO_3551,SO_2427,SO_1503,SO_4592,SO_1317,SO_1890,SO_0056,GSM2732684
GSE97220_group1,SO_0976,SO_1362,SO_1361,SO_0817,SO_3412,SO_0818,SO_3413,SO_2196,SO_2427,SO_0456,SO_2440,SO_2857,SO_2441,SO_2856,SO_2442,SO_0085,SO_3599,SO_2443,SO_2855,SO_2854,GSM2559801
GSE50443_group1,SO_2956,SO_2954,SO_2404,SO_0818,SO_0817,SO_1860,SO_2005,SO_2137,SO_2953,SO_2945,SO_4596,SO_4020,SO_4564,SO_3070,SO_1339,SO_3534,SO_0856,SO_3471,SO_4077,SO_2944,GSM1219373
GSE42479_group1,SO4062,SO2743,SO1897,SO1679,SO4061,SO1896,SO1428,SO1894,SO1677,SO4743,SO2098,SO0162,SO1892,SO1893,SO1891,SO0142,SO1678,SO1949,SO1429,SO2834,GSM1040731
GSE44689_group1,SO_2540,SO_2542,SO_2539,SO_2543,SO_2144,SO_2541,SO_1695,SO_2538,SO_2145,SO_2544,SO_2546,SO_2545,SO_3863,SO_2547,SO_2623,SO_3391,SO_1960,SO_4317,SO_0084,SO_1944,GSM1089016
GSE31053_group1,SO1484,SO4513,SO2375,SO0404,SO3371,SO1962,SO1822,SO0916,SO0895,SO1343F,SO2934,SO0351,SO2049,SO1425,SO0314,SO0848F,SO0350,SO3896,SO3114,SO1568,GSM769233
GSE39462_group1,SO_3059,SO_3687,SO_1807,SO_3837,SO_3988,SO_0704,SO_2597,SO_2596,SO_4666,SO_1361,SO_2595,SO_2858,SO_4129,SO_1880,SO_2583,SO_3433,SO_1377,SO_3030,SO_4163,SO_2725,GSM969638
GSE39462_group2,SO_0447,SO_4203,SO_3507,SO_3506,SO_3054,SO_2167,SO_2099,SO_2098,SO_0360,SO_1065,SO_3059,SO_2097,SO_4229,SO_1197,SO_4235,SO_4236,SO_2093,SO_4246,SO_3503,SO_0780,GSM969638
GSE39462_group3,SO_1219,SO_2918,SO_0439,SO_3743,SO_0426,SO_0424,SO_0423,SO_4346,SO_1065,SO_1066,SO_0409,SO_0397,SO_0396,SO_3720,SO_2136,SO_2886,SO_4407,SO_4408,SO_2881,SO_4423.1,GSM969638
GSE39462_group4,SO_4236,SO_0398,SO_0397,SO_2857,SO_3560,SO_3565,SO_2848,SO_2834,SO_2833,SO_1909,SO_1020,SO_3597,SO_2821,SO_2070,SO_1821,SO_2071,SO_2800,SO_3599,SO_1042,SO_1044,GSM969638
GSE39462_group5,SO_1932,SO_2355,SO_3414,SO_0994,SO_3413,SO_2347,SO_2345,SO_4537.2,SO_3407,SO_2341,SO_4537,SO_2340,SO_2339,SO_2338,SO_1042,SO_1043,SO_1044,SO_1060,SO_4520,SO_2328,GSM969638
GSE39462_group6,SO_3505,SO_3509,SO_0548,SO_0547,SO_3510,SO_0543,SO_3514,SO_1287,SO_0536,SO_1075,SO_3538,SO_3542,SO_0520,SO_0519,SO_0518,SO_3546,SO_0512,SO_3548,SO_2074,SO_3597,GSM969638
GSE39462_group7,SO_3844,SO_0809,SO_4034,SO_0805,SO_0798,SO_2992,SO_0785.1,SO_0770,SO_0761,SO_0760,SO_4627,SO_0753,SO_0748,SO_0818,SO_4628,SO_3022,SO_3030,SO_3031,SO_3032,SO_3033,GSM969638
GSE39462_group8,SO_1444,SO_1989,SO_4163,SO_4162,SO_1986,SO_3542,SO_1625,SO_4160,SO_1985,SO_4150,SO_1181,SO_3545,SO_2436,SO_2882,SO_1977,SO_2883,SO_3546,SO_3547,SO_4134,SO_0672,GSM969638
GSE39462_group9,SO_1638,SO_0925,SO_2915,SO_3928,SO_3929,SO_3930,SO_2913,SO_0930,SO_3937,SO_3939,SO_3940,SO_2912,SO_3962,SO_3915,SO_2884,SO_2882,SO_2881,SO_3980,SO_0951,SO_2857,GSM969638
GSE39462_group10,SO_2068,SO_4505,SO_2593,SO_1175,SO_0762,SO_0761,SO_0277,SO_0275,SO_0274,SO_0273,SO_4509,SO_0547,SO_3863,SO_0267,SO_0760,SO_0265,SO_3855,SO_3967,SO_0261,SO_0260,GSM969638
GSE39462_group11,SO_3733,SO_2071,SO_2070,SO_0547,SO_2069,SO_2068,SO_2067,SO_2062,SO_0554,SO_2046,SO_0556,SO_2045,SO_4190,SO_2018,SO_4598,SO_4597,SO_2016,SO_2009,SO_2072,SO_2007,GSM969638
GSE39462_group12,SO_2071,SO_3422,SO_0970,SO_4450,SO_4449,SO_0279,SO_0278,SO_1777,SO_1779,SO_0274,SO_0992,SO_0267,SO_0261,SO_0260,SO_0259,SO_4120,SO_3426,SO_0273,SO_0257,SO_1783,GSM969638
GSE39462_group13,SO_0848,SO_1197,SO_3115,SO_2578,SO_0612,SO_4034,SO_3099,SO_4558,SO_0624,SO_1164,SO_3076,SO_4043,SO_3070,SO_0636,SO_0643,SO_0644,SO_1200,SO_1201,SO_0595,SO_4133,GSM969638
GSE39462_group14,SO_1315,SO_1826,SO_3471,SO_3468,SO_1827,SO_0514,SO_0516,SO_1825,SO_1828,SO_3440,SO_1829,SO_0526,SO_3420,SO_3417,SO_3415,SO_3441,SO_1103,SO_3503,SO_3505,SO_3546,GSM969638
GSE39462_group15,SO_3020,SO_2745,SO_2743,SO_0728,SO_2731,SO_2683,SO_2648,SO_0740,SO_2640,SO_2637,SO_2635,SO_2629,SO_2746,SO_2627,SO_2625,SO_0752,SO_2619,SO_0755,SO_2617,SO_2616,GSM969638
GSE39462_group16,SO_4758,SO_2772,SO_2769,SO_2762,SO_2761,SO_0752,SO_2760,SO_2747,SO_0760,SO_0761,SO_0762,SO_2746,SO_2774,SO_2743,SO_2731,SO_2728,SO_2723,SO_0770,SO_2705,SO_2683,GSM969638
GSE39462_group17,SO_4313,SO_0269,SO_0268,SO_0267,SO_0266,SO_0265,SO_1490,SO_0263,SO_0262,SO_1489,SO_0261,SO_0259,SO_1493,SO_1494,SO_0257,SO_3047,SO_1063,SO_1519,SO_1520,SO_0260,GSM969638
GSE39462_group18,SO_1161,SO_2263,SO_1242,SO_0752,SO_0753,SO_3651,SO_3652,SO_3656,SO_1221,SO_2181,SO_3740,SO_3743,SO_0767,SO_0770,SO_3765,SO_3772,SO_0781,SO_1101,SO_3599,SO_0324,GSM969638
GSE39462_group19,SO_3514,SO_0259,SO_0263,SO_2069,SO_0779,SO_2070,SO_3972,SO_2071,SO_2072,SO_0279,SO_2073,SO_2361,SO_0770,SO_2918,SO_0767,SO_2929,SO_2916,SO_0755,SO_0753,SO_0748,GSM969638
GSE39462_group20,SO_1209,SO_1101,SO_3471,SO_1065,SO_1060,SO_1044,SO_3503,SO_0223,SO_0225,SO_3505,SO_3506,SO_3507,SO_3509,SO_3510,SO_3514,SO_3537,SO_3542,SO_4480,SO_0970,SO_3546,GSM969638
GSE39462_group21,SO_2855,SO_4313,SO_4303,SO_2725,SO_1524,SO_2045,SO_4286,SO_1204,SO_3241,SO_3242,SO_3243,SO_0874,SO_2856,SO_3245,SO_1207,SO_3247,SO_1203,SO_4317,SO_4318,SO_4319,GSM969638
GSE39462_group22,SO_4758,SO_2540,SO_2500,SO_2491,SO_2490,SO_2489,SO_2488,SO_2487,SO_2486,SO_2477,SO_2476,SO_2436,SO_2435,SO_2433,SO_2427,SO_2422,SO_2417,SO_2416,SO_2415,SO_2411,GSM969638
GSE39462_group23,SO_2491,SO_4157,SO_4155,SO_0612,SO_0610,SO_0609,SO_0608,SO_0603,SO_0595,SO_4133,SO_4126,SO_0581,SO_2486,SO_2487,SO_2488,SO_2489,SO_4120,SO_4106,SO_0547,SO_2578,GSM969638
GSE39462_group24,SO_0423,SO_2067,SO_4034,SO_0617,SO_2046,SO_2045,SO_1258,SO_2044,SO_1051,SO_4054,SO_4056,SO_3343,SO_0624,SO_0301.1,SO_0625,SO_2439.2,SO_1267,SO_0298,SO_0297,SO_4098,GSM969638
GSE39462_group25,SO_0298,SO_0809,SO_1755,SO_3532,SO_3537,SO_0521,SO_3545,SO_3546,SO_3547,SO_0291,SO_0520,SO_3548,SO_3560,SO_0286,SO_1690,SO_0522,SO_2787,SO_0818,SO_1683,SO_0279,GSM969638
GSE39462_group26,SO_0547,SO_2477,SO_0703,SO_0704,SO_2433,SO_2416,SO_0298,SO_2415,SO_2411,SO_2404,SO_2403,SO_3764,SO_3765,SO_0291,SO_3772,SO_2402,SO_2396,SO_0286,SO_3787,SO_3800,GSM969638
GSE39462_group27,SO_4758,SO_2439.2,SO_2436,SO_2435,SO_2433,SO_2427,SO_2426,SO_2416,SO_2415,SO_2411,SO_2410,SO_2404,SO_2403,SO_2402,SO_2396,SO_2366,SO_2364,SO_2363,SO_2362,SO_2361,GSM969638
GSE39462_group28,SO_4758,SO_2476,SO_2474,SO_2439.2,SO_2435,SO_2433,SO_2427,SO_2424,SO_2423,SO_0576,SO_2422,SO_2415,SO_2411,SO_2407,SO_2404,SO_2403,SO_2398,SO_2396,SO_0603,SO_2416,GSM969638
GSE39462_group29,SO_0536,SO_2071,SO_0624,SO_0625,SO_2070,SO_2069,SO_2068,SO_2067,SO_3837,SO_2072,SO_2046,SO_2042,SO_3842,SO_2017,SO_2016,SO_2010,SO_2007,SO_1995,SO_3848,SO_2045,GSM969638
GSE39462_group30,SO_4246,SO_4015,SO_2279,SO_2278,SO_1112,SO_1111,SO_3505,SO_4034,SO_4450,SO_1101,SO_3503,SO_3024,SO_3263,SO_1095,SO_3497,SO_3496,SO_2829,SO_2813,SO_3506,SO_2290,GSM969638
GSE39462_group31,SO_3099,SO_1044,SO_3514,SO_0466,SO_3510,SO_3509,SO_3507,SO_2072,SO_1042,SO_3505,SO_2073,SO_3503,SO_3497,SO_2074,SO_3496,SO_3506,SO_2087,SO_3537,SO_3542,SO_2067,GSM969638
GSE39462_group32,SO_1568,SO_3819.4,SO_2832,SO_3837,SO_0919,SO_2829,SO_2800,SO_3855,SO_2791,SO_0930,SO_0933,SO_2787,SO_2780,SO_2769,SO_2767,SO_3888,SO_2759,SO_2753.2,SO_2745,SO_3904,GSM969638
GSE39462_group33,SO_0449,SO_3237,SO_1825,SO_3247,SO_1824,SO_1816,SO_1800,SO_0360,SO_1796,SO_1795,SO_3286,SO_1794,SO_1793,SO_0703,SO_3313,SO_0704,SO_1787,SO_3343,SO_1755,SO_0344,GSM969638
GSE39462_group34,SO_0536,SO_3597,SO_0358,SO_3599,SO_0752,SO_0753,SO_2110,SO_2093,SO_0760,SO_3651,SO_3681,SO_0346,SO_3682,SO_0344,SO_0761,SO_0762,SO_3715,SO_2087,SO_2086,SO_2085,GSM969638
GSE39462_group35,SO_2800,SO_2403,SO_2404,SO_2427,SO_2439.2,SO_2486,SO_2487,SO_2488,SO_2489,SO_2490,SO_2491,SO_2499,SO_0466,SO_2507,SO_2375,SO_2578,SO_2585,SO_2587,SO_2593,SO_2601,GSM969638
GSE25821_group1,UP_SO3102_at,SO3994_at,UP_SO2872_at,IG_SO4270_SO4271_at,UP_SO3299_at,UP_SO0356_x_at,UP_SO4752_at,UP_SO3807_at,IG_SO2164_SO2162in_x_at,UP_SO2202_at,UP_SO2029_s_at,UP_SO1876ic_x_at,UP_SO1524_at,UP_SO2317ic_x_at,UP_SO2747_at,UP_SO2816ic_x_at,UP_SO0890ic_x_at,UP_SO1949_at,UP_SO2938_at,SO0730_at,GSM634443
GSE25821_group2,UP_SO3102_at,UP_SO2872_at,SO3994_at,UP_SO0356_x_at,UP_SO3299_at,IG_SO4270_SO4271_at,UP_SO4752_at,IG_SO2164_SO2162in_x_at,UP_SO2202_at,UP_SO2029_s_at,UP_SO3807_at,UP_SO2938_at,UP_SO1876ic_x_at,UP_SO1524_at,IG_SO0968_SO0970_at,UP_SO2317ic_x_at,UP_SO2747_at,UP_SO2816ic_x_at,UP_SO0890ic_x_at,UP_SO2810ic_x_at,GSM634443
GSE25821_group3,UP_SO3102_at,UP_SO2872_at,SO3994_at,UP_SO3299_at,IG_SO4270_SO4271_at,UP_SO0356_x_at,UP_SO2202_at,UP_SO1876ic_x_at,UP_SO4752_at,UP_SO1524_at,UP_SO3807_at,IG_SO3667_SO3665_at,UP_SO2317ic_x_at,UP_SO2816ic_x_at,UP_SO4546ic_x_at,UP_SO0890ic_x_at,UP_SO2810ic_x_at,IG_SO2164_SO2162in_x_at,UP_SO2747_at,UP_SO4385ic_x_at,GSM634443
GSE25821_group4,UP_SO3102_at,UP_SO2872_at,UP_SO3299_at,SO3994_at,IG_SO4270_SO4271_at,UP_SO2202_at,UP_SO0356_x_at,IG_SO3667_SO3665_at,UP_SO4752_at,UP_SO1876ic_x_at,UP_SO3807_at,UP_SO2317ic_x_at,UP_SO1524_at,UP_SO3348_at,UP_SO2747_at,UP_SO2816ic_x_at,UP_SO4546ic_x_at,UP_SO2810ic_x_at,UP_SO0890ic_x_at,IG_SO2164_SO2162in_x_at,GSM634443
GSE25821_group5,UP_SO2161_s_at,IG_SO4270_SO4271_at,UP_SO2029_s_at,UP_SO2872_at,UP_SO3102_at,SO3819_at,SO1915_at,UP_SO2202_at,UP_SO3299_at,UP_SO1872_at,SO4349_at,SO1362_x_at,IG_SO0392_SO0393_x_at,IG_SO3301_SO3302_at,SO0817_at,IG_SO2597_SO2598_at,UP_SO3457_at,SO1518_x_at,IG_SO2564_SO2565_at,SO4319_at,GSM634443
GSE25821_group6,UP_SO3102_at,UP_SO2872_at,UP_SO3299_at,UP_SO2202_at,UP_SO1876ic_x_at,UP_SO2029_s_at,SO3819_at,UP_SO2317ic_x_at,UP_SO2161_s_at,UP_SO2816ic_x_at,UP_SO4546ic_x_at,UP_SO0890ic_x_at,UP_SO2810ic_x_at,IG_SO3667_SO3665_at,UP_SO4385ic_x_at,UP_SO1766ic_x_at,SO3994_at,UP_SO3807_at,IG_SO4270_SO4271_at,IG_SO2164_SO2162in_x_at,GSM634443
GSE25821_group7,UP_SO2029_s_at,SO1915_at,UP_SO2161_s_at,SO1362_x_at,SO4349_at,SO1361_x_at,IG_SO0392_SO0393_x_at,SO3819_at,UP_SO4554_at,SO3687_at,SO1518_x_at,UP_SO1872_at,UP_SO2872_at,UP_SO3299_at,SO0818_at,IG_SO2597_SO2598_at,SO0817_at,UP_SO3102_at,SO1324_at,SO0867_at,GSM634443
GSE25821_group8,UP_SO2161_s_at,IG_SO4270_SO4271_at,SO1915_at,SO3819_at,UP_SO2029_s_at,SO1362_x_at,SO1361_x_at,UP_SO2872_at,SO4349_at,SO1518_x_at,SO0817_at,SO4655_at,UP_SO2202_at,SO0818_at,UP_SO3102_at,UP_SO3299_at,SO4236_at,UP_SO1872_at,SO4319_at,IG_SO3301_SO3302_at,GSM634443
GSE25821_group9,UP_SO2161_s_at,SO1915_at,IG_SO4270_SO4271_at,SO3819_at,UP_SO2029_s_at,SO1518_x_at,UP_SO2872_at,UP_SO3299_at,UP_SO2202_at,UP_SO3102_at,SO4349_at,SO4655_at,SO0817_at,IG_SO0392_SO0393_x_at,SO1362_x_at,SO1042_x_at,SO1361_x_at,UP_SO1872_at,SO0867_at,SO4319_at,GSM634443
GSE25821_group10,SO1518_x_at,UP_SO2161_s_at,SO3819_at,UP_SO2029_s_at,IG_SO4270_SO4271_at,UP_SO2872_at,SO1915_at,UP_SO3102_at,UP_SO3299_at,SO1519_at,SO1362_x_at,UP_SO2202_at,SO4349_at,SO1361_x_at,SO4319_at,IG_SO0392_SO0393_x_at,UP_SO1872_at,IG_SO3301_SO3302_at,SO0817_at,SO1042_x_at,GSM634443
GSE25821_group11,IG_SO3972_SO3973_at,SO0818_at,UP_SO3972_at,SO4349_at,SO0185_at,SO1518_x_at,SO0817_at,SO1361_x_at,SO3972_at,SO0867_at,SO4655_at,SO4651_at,UP_SO0758_at,SO4319_at,SO2337_at,SO1362_x_at,SO4055_at,SO1486_x_at,UP_SO2161_s_at,UP_SO2029_s_at,GSM634443
GSE25821_group12,SO4349_at,SO0818_at,SO0867_at,SO1361_x_at,SO0817_at,SO1518_x_at,SO1362_x_at,SO0866_at,SO1830_x_at,SO3415_at,SO3687_at,SO1915_at,SO4655_at,SO4056_x_at,UP_SO2161_s_at,SO4651_at,SO4319_at,SO0273_x_at,SO1519_at,SO1751_at,GSM634443
GSE25821_group13,SO4349_at,SO0818_at,SO1915_at,SO0866_at,SO0867_at,SO1361_x_at,SO1518_x_at,SO1362_x_at,UP_SO0424_at,SO3687_at,SO4056_x_at,SO4655_at,SO0865_at,SO0273_x_at,SO0817_at,SO4651_at,UP_SO2161_s_at,SO2444_at,SO4319_at,SO0564_at,GSM634443
GSE25821_group14,SO4349_at,SO0818_at,SO1915_at,SO1361_x_at,SO0866_at,SO0867_at,SO1518_x_at,SO1362_x_at,SO4056_x_at,SO3687_at,SO0865_at,SO0564_at,SO0817_at,SO4655_at,SO1519_at,SO2444_at,UP_SO2161_s_at,SO0274_at,SO1325_at,SO3741_x_at,GSM634443
GSE25821_group15,SO4349_at,SO0818_at,SO0866_at,SO1915_at,SO1361_x_at,SO0867_at,SO1362_x_at,SO1518_x_at,SO4651_at,SO0817_at,SO0564_at,SO4056_x_at,SO0865_at,SO3687_at,SO0273_x_at,SO4655_at,SO3415_at,UP_SO2161_s_at,SO1519_at,SO2444_at,GSM634443
GSE25821_group16,SO4349_at,SO0818_at,SO0866_at,SO1915_at,SO1361_x_at,SO0867_at,SO1518_x_at,SO0564_at,SO4651_at,SO0273_x_at,SO4655_at,SO1362_x_at,SO4319_at,SO0865_at,SO4056_x_at,SO3687_at,UP_SO2161_s_at,SO1519_at,SO0817_at,SO2444_at,GSM634443
GSE25821_group17,SO0818_at,SO0866_at,UP_SO2195_at,SO4651_at,SO0867_at,SO2196_x_at,SO2195_at,SO4349_at,SO0817_at,SO1030_at,SO1915_at,SO1361_x_at,SO2858_at,SO4056_x_at,SO3687_at,SO0185_at,SO0837_at,SO0564_at,SO4319_at,SO3134_at,GSM634443
GSE25821_group18,SO0818_at,SO0866_at,UP_SO2195_at,SO0867_at,SO4349_at,SO1915_at,SO1361_x_at,SO0817_at,SO2195_at,SO2196_x_at,SO3687_at,SO2858_at,SO4651_at,SO4319_at,SO0564_at,SO4056_x_at,SO0837_at,SO4655_at,SO0185_at,SO1030_at,GSM634443
GSE25821_group19,SO0866_at,SO0818_at,SO0867_at,SO0996_at,SO2445_at,SO2858_at,SO2442_at,SO3687_at,SO2444_at,SO1915_at,SO0185_at,UP_SO2713_at,SO1324_at,SO2443_at,SO3686_at,SO2073_at,SO0120_x_at,SO4349_at,SO2441_x_at,SO1751_at,GSM634443
GSE25821_group20,SO0867_at,SO0866_at,SO0818_at,SO2444_at,SO2445_at,SO3687_at,SO2442_at,SO2858_at,SO2443_at,SO1915_at,SO3686_at,SO2441_x_at,SO0185_at,SO4349_at,SO0996_at,SO2072_x_at,SO0865_at,SO1324_at,SO0120_x_at,SO2073_at,GSM634443
GSE25821_group21,SO0867_at,SO0818_at,SO2444_at,SO2442_at,SO2445_at,SO0866_at,SO2441_x_at,SO1915_at,SO2443_at,SO4349_at,SO0185_at,SO3687_at,SO2858_at,SO3686_at,SO1324_at,SO2072_x_at,SO0865_at,SO0817_at,SO1822_at,SO0120_x_at,GSM634443
GSE25821_group22,SO0867_at,SO2442_at,SO0818_at,SO2444_at,SO2445_at,SO0866_at,SO2441_x_at,SO2443_at,SO1915_at,SO4349_at,SO3687_at,SO0817_at,SO1361_x_at,SO1324_at,SO0185_at,SO0865_at,SO1325_at,SO1362_x_at,SO1822_at,SO2072_x_at,GSM634443
GSE25821_group23,SO2442_at,SO0818_at,SO2445_at,SO0866_at,SO0867_at,SO2444_at,SO2443_at,SO2441_x_at,SO1324_at,SO1361_x_at,SO3687_at,SO3686_at,SO4349_at,SO1915_at,SO0817_at,SO2073_at,SO0865_at,SO0185_at,SO2072_x_at,SO0275_x_at,GSM634443
GSE25821_group24,SO2442_at,SO0818_at,SO0867_at,SO2444_at,SO2445_at,SO0866_at,SO2443_at,SO2441_x_at,SO1362_x_at,SO4349_at,SO1361_x_at,SO1324_at,SO1325_at,SO0817_at,SO0865_at,SO2858_at,SO3687_at,UP_SO0877_at,SO4236_at,UP_SO2445_x_at,GSM634443
GSE25821_group25,SO2445_at,SO4290_at,SO2444_at,SO0818_at,SO2442_at,SO0867_at,SO4292_at,SO2443_at,SO1915_at,SO0866_at,SO2441_x_at,SO1324_at,SO1532_x_at,SO1362_x_at,SO3819_at,SO1361_x_at,SO2858_at,SO1325_at,SO4289_x_at,SO3687_at,GSM634443
GSE25821_group26,SO0867_at,SO2444_at,SO1915_at,SO2445_at,SO2442_at,SO0818_at,SO2441_x_at,SO0866_at,SO2443_at,SO1532_x_at,SO4349_at,SO3819_at,SO1362_x_at,SO1361_x_at,SO2858_at,SO1325_at,SO3687_at,SO0564_at,SO1324_at,SO4236_at,GSM634443
GSE25821_group27,SO0818_at,SO2445_at,SO2444_at,SO2442_at,SO2443_at,SO0867_at,SO0564_at,SO2441_x_at,UP_SO3102_at,SO1324_at,SO1361_x_at,SO4236_at,SO1325_at,SO1532_x_at,SO3819_at,SO4349_at,SO1362_x_at,SO0866_at,UP_SO2713_at,SO0275_x_at,GSM634443
GSE25821_group28,SO0818_at,SO2445_at,SO2444_at,SO1532_x_at,SO2442_at,SO0867_at,SO2443_at,SO1915_at,SO2441_x_at,UP_SO3102_at,SO1361_x_at,SO0564_at,SO4236_at,SO3819_at,SO4349_at,SO1362_x_at,UP_SO2713_at,SO1325_at,SO1030_at,SO4652_x_at,GSM634443
GSE25821_group29,SO2442_at,SO1915_at,SO0818_at,SO4349_at,SO2445_at,SO2444_at,SO0867_at,SO2441_x_at,SO2443_at,SO0866_at,SO1361_x_at,SO1362_x_at,SO0564_at,SO1518_x_at,UP_SO2713_at,SO1324_at,SO4651_at,SO0273_x_at,SO1325_at,SO1532_x_at,GSM634443
GSE25821_group30,SO2442_at,SO0867_at,SO2444_at,SO1915_at,SO2445_at,SO0818_at,SO2443_at,SO1362_x_at,SO1532_x_at,SO2441_x_at,SO1361_x_at,SO4349_at,SO0564_at,SO2069_at,SO1325_at,SO0866_at,SO2073_at,SO2767_at,SO3415_at,SO1518_x_at,GSM634443
GSE25821_group31,SO2442_at,SO2444_at,SO1915_at,SO0867_at,SO2445_at,SO2443_at,SO1362_x_at,SO4349_at,SO2441_x_at,SO1361_x_at,SO0564_at,SO1518_x_at,SO0818_at,SO2073_at,SO4652_x_at,SO3415_at,SO1324_at,SO4651_at,SO4655_at,SO0866_at,GSM634443
GSE25821_group32,SO2444_at,SO2442_at,SO0867_at,SO0818_at,SO1362_x_at,SO1361_x_at,SO2445_at,SO2443_at,SO1915_at,SO0564_at,SO4652_x_at,SO3415_at,SO0866_at,SO2441_x_at,SO1518_x_at,SO4349_at,SO4655_at,SO2767_at,UP_SO2161_s_at,SO4651_at,GSM634443
GSE25821_group33,SO0818_at,SO0866_at,SO0867_at,SO1361_x_at,SO1362_x_at,SO0564_at,SO2444_at,SO1518_x_at,SO4652_x_at,SO4349_at,SO1915_at,SO0817_at,SO2442_at,SO2445_at,SO2443_at,SO4655_at,SO3737_at,SO3599_at,SO3415_at,SO4651_at,GSM634443
GSE25821_group34,SO0818_at,SO4349_at,SO0867_at,SO0866_at,SO1915_at,SO2444_at,SO1361_x_at,SO2445_at,SO1362_x_at,SO2442_at,SO0564_at,SO1518_x_at,SO2443_at,SO2441_x_at,SO4056_x_at,SO4655_at,SO0865_at,SO3415_at,SO4652_x_at,SO0273_x_at,GSM634443
GSE25821_group35,SO0818_at,SO0866_at,SO0867_at,SO2442_at,SO1362_x_at,SO0564_at,SO2444_at,SO1915_at,SO2445_at,SO4349_at,SO1361_x_at,SO2443_at,SO4652_x_at,SO1518_x_at,SO4056_x_at,SO4655_at,SO0817_at,UP_SO2713_at,SO0273_x_at,SO0185_at,GSM634443
GSE25821_group36,SO0866_at,SO0818_at,SO0867_at,SO0564_at,SO0185_at,SO1361_x_at,SO2444_at,SO1915_at,SO2445_at,SO4349_at,SO1362_x_at,SO4652_x_at,SO2442_at,SO3687_at,SO2443_at,SO4056_x_at,SO4655_at,SO0865_at,SO0817_at,SO1518_x_at,GSM634443
GSE25821_group37,SO0867_at,SO0818_at,SO0866_at,SO2444_at,SO0185_at,SO2445_at,SO1915_at,SO0564_at,SO1361_x_at,SO4349_at,SO1362_x_at,SO2442_at,SO4652_x_at,SO2443_at,SO0273_x_at,SO4056_x_at,SO1908_at,SO4655_at,SO0865_at,SO0817_at,GSM634443
GSE25821_group38,SO0818_at,SO0867_at,SO0866_at,SO2445_at,SO1362_x_at,SO0185_at,SO2442_at,SO0564_at,SO2444_at,SO1915_at,SO1361_x_at,SO1908_at,SO4652_x_at,SO4349_at,UP_SO1962_x_at,SO1751_at,SO2443_at,SO0273_x_at,SO3599_at,SO3737_at,GSM634443
GSE25821_group39,SO2442_at,SO2444_at,SO2445_at,SO0818_at,SO0866_at,SO0564_at,SO0867_at,SO0401_x_at,SO0273_x_at,SO1908_at,SO4652_x_at,SO4651_at,SO4655_at,SO2443_at,UP_SO1962_x_at,SO0185_at,SO1915_at,SO1361_x_at,SO2441_x_at,UP_SO4506_at,GSM634443
GSE25821_group40,SO0818_at,SO2445_at,SO2444_at,SO2442_at,SO0866_at,UP_SO2713_at,SO0867_at,SO0564_at,SO2441_x_at,SO4655_at,SO1915_at,SO2443_at,SO0401_x_at,SO0273_x_at,SO1361_x_at,SO4349_at,SO4596_x_at,SO4652_x_at,SO4651_at,SO1908_at,GSM634443
GSE25821_group41,SO0818_at,SO2442_at,SO2445_at,SO0866_at,SO0273_x_at,SO2444_at,SO0867_at,SO0564_at,SO2443_at,SO1915_at,SO0185_at,SO4655_at,SO1361_x_at,SO2441_x_at,SO0401_x_at,SO4651_at,SO4349_at,SO1362_x_at,SO0817_at,SO3819_at,GSM634443
GSE31535_group1,SO_0275,SO_4463,SO_1028,SO_0279,SO_2019,SO_0277,SO_1027,SO_2018,SO_4462,SO_2016,SO_1029,SO_2017,SO_2688,SO_0278,SO_0276,SO_2128,SO_2127,SO_2015,SO_3475,SO_4321,GSM782760
GSE31535_group2,SO_1094,SO_3250,SO_3312,SO_3311,SO_1452,SO_4004,SO_2127,SO_3544,SO_4114,SO_1402,SO_3920,SO_2974,SO_0344,SO_3545,SO_4154,SO_0447,SO_2569,SO_2658,SO_0104,SO_1072,GSM782760
GSE20379_group1,SO2821_x_at,UP_SO0635_x_at,SO2178_at,UP_SO4230_at,IG_SO3537_SO3538_x_at,UP_SO0876_at,IG_SO4706_SO4707_x_at,SO4126_at,UP_SO1764_at,UP_SO3397_x_at,IG_SO0119_SO0118_at,SO0844_at,IG_SO2305_SO2306_at,IG_SO3967_SO3966_at,SO3781_x_at,UP_SO2137_at,UP_SO2162in_at,SO0206_x_at,UP_SO2468_at,UP_SO0437_at,GSM509687
GSE20379_group2,SO2469_at,UP_SO4754_at,SO2178_at,SO4126_at,SO3905_at,IG_SO0479_SO0478_at,SO2821_x_at,SO2559_at,IG_SO0787_SO0786_at,IG_SO3537_SO3538_x_at,IG_SO1751_SO1753_at,UP_SO4138_at,IG_SO0119_SO0118_at,SO2476_at,SO3577_at,SO2312_at,SO2629_at,SO4215_x_at,IG_SO3331_SO3328_at,UP_SO0734_at,GSM509687
GSE20379_group3,SO2178_at,UP_SO4754_at,SO4126_at,SO2469_at,SO3905_at,IG_SO3134_SO3132_at,IG_SO3331_SO3328_at,IG_SO0479_SO0478_at,UP_SO4138_at,IG_SO0119_SO0118_at,IG_SO0787_SO0786_at,SO3577_at,SO3017_x_at,SO2312_at,SO3928_at,IG_SO4472_SO4473_at,SO4215_x_at,SO4385_at,UP_SO4241_at,SO2821_x_at,GSM509687
GSE20379_group4,SO2178_at,UP_SO4754_at,SO2469_at,SO4126_at,SO3905_at,IG_SO3134_SO3132_at,IG_SO0479_SO0478_at,IG_SO0119_SO0118_at,IG_SO1751_SO1753_at,SO4215_x_at,IG_SO3331_SO3328_at,SO2629_at,IG_SO0787_SO0786_at,IG_SO0639_SO0637_at,SO2312_at,UP_SO1686_at,UP_SO4615_at,UP_SO4241_at,SO4617_x_at,IG_SO1508.1_SO1510_at,GSM509687
GSE20379_group5,SO2469_at,SO2178_at,SO4126_at,SO2821_x_at,IG_SO0479_SO0478_at,SO3905_at,UP_SO4754_at,IG_SO1676_SO1677_at,IG_SO3537_SO3538_x_at,IG_SO2877_SO2876_at,SO2629_at,SO2636_x_at,IG_SO0639_SO0637_at,UP_SO1686_at,IG_SO1751_SO1753_at,SO0844_at,IG_SO0119_SO0118_at,SO2476_at,UP_SO0734_at,SO2312_at,GSM509687
GSE26935_group1,SO2713,SO1371,SO1360,SO1303,SO2472,SO1048,SO2967,SO4515,SO1037,SO2965,SO3650,SO2778,SO1169,SO0567,SO4245,SO0004,SO1933,SO4491,SO4320,SO1203,GSM663198
GSE24994_group1,SO_0327,SO_3426,SO_4352,SO_3650,SO_1253,SO_0266,SO_2432,SO_2574,SO_0262,SO_4430,SO_0269,SO_4703,SO_2112,SO_1383,SO_3080,SO_4116,SO_3414,SO_2257,SO_2822,SO_2830,GSM613952
GSE25865_group1,SO_0814,SO_2709,SO_2844,SO_2704,SO_0564,SO_2467,SO_2018,SO_0463,SO_4318,SO_3110,SO_3548,SO_0080,SO_1892,SO_1797,SO_3194,SO_1150,SO_1697,SO_3606,SO_1261,SO_0285,GSM635118
GSE25865_group2,SO_0039,SO_2709,SO_3727,SO_2844,SO_1368,SO_2704,SO_2018,SO_4318,SO_3402,SO_3110,SO_0546,SO_0087,SO_3194,SO_2318,SO_3601,SO_0285,SO_1892,SO_1870,SO_3581,SO_0080,GSM635118
GSE25865_group3,SO_4253,SO_3057,SO_2597,SO_2709,SO_1288,SO_2467,SO_2844,SO_0329,SO_3126,SO_3034,SO_0463,SO_0080,SO_3234,SO_0051,SO_1356,SO_3757,SO_3402,SO_0794,SO_2449,SO_0594,GSM635118
GSE20343_group1,SO4754_x_at,IG_SO3759_SO3758_at,IG_SO3422_SO3423_x_at,IG_SO3973_SO3974_at,IG_SO1512_SO1511_s_at,SO3896_at,UP_SO1307_x_at,IG_SO0119_SO0118_at,SO2301_at,IG_SO3657_SO3656_at,UP_SO0220_at,UP_SO0680_at,SO3422_at,UP_SO2151_at,UP_SO1097_at,IG_SO2254_SO2253_at,IG_SO4080_SO4081_at,SO4134_at,SO2300_at,UP_SO0343_at,GSM509293
GSE20343_group2,SO4754_x_at,IG_SO3422_SO3423_x_at,IG_SO3657_SO3656_at,SO1855_at,SO1295_x_at,SO3422_at,UP_SO2401_at,UP_SO2595_at,IG_SO3432_SO3431_at,SO4134_at,UP_SO2787_at,IG_SO0694_SO0695_at,SO2401_at,UP_SO3426_at,SO2727_x_at,IG_SO4726_SO4727_at,UP_SO1895_at,IG_SO1821_SO1822_at,UP_SO2301_x_at,IG_SO1420_SO1421_at,GSM509293
GSE21044_group1,SO_1668,SO_0838,SO_4404,SO_0606,SO_1696,SO_1053,SO_2469,SO_2474,SO_4725,SO_0860,SO_4735,SO_1115,SO_0748,SO_2717,SO_4244,SO_4714,SO_3891,SO_0785,SO_1714,SO_1574,GSM525514
GSE15334_group1,SO0449,SO0014,SO4555,SO4601,SO2361,SO1784,SO0194,SO3250,SO3094,SO2180,SO2919,SO3937F,SO1370,SO4584,SO3025,SO3546,SO4589,SO3974,SO0011,SO1458,GSM496779
GSE15334_group2,SO0449,SO1784,SO3025,SO4555,SO1298,SO1355,SO4094,SO1274F,SO2361,SO0839,SO2180,SO4322,SO1165,SO1264,SO1261F,SO3647,SO1265,SO1107,SO3316,SO3592,GSM496779
GSE15334_group3,SO1355,SO3025,SO0449,SO1784,SO0444,SO4688,SO1298,SO2916,SO2361,SO1931,SO3000F,SO3647,SO1264,SO0839,SO4649,SO1385,SO2240,SO1107,SO1579,SO3469,GSM496779
GSE15334_group4,SO3025,SO4206,SO2395,SO1265,SO1910,SO4205,SO3901,SO0582,SO1255,SO3613,SO0449,SO3834,SO0038,SO4111,SO3855,SO1183,SO3463F,SO4096,SO0106,SO0835,GSM496779
GSE15334_group5,SO3025,SO4206,SO4207,SO1910,SO4205,SO2743,SO0344,SO2395,SO3348,SO3740,SO0343,SO0106,SO0449,SO0807,SO1252,SO1355,SO3969,SO3583,SO4043,SO1045,GSM496779
GSE15334_group6,SO0343,SO2743,SO0344,SO3025,SO4206,SO3969,SO1252,SO4043,SO1910,SO3740,SO0106,SO4207,SO3583,SO3901,SO1265,SO4205,SO1895,SO1300,SO1045,SO3834,GSM496779
GSE15334_group7,SO0343,SO0344,SO3025,SO3969,SO3740,SO1300,SO0449,SO3583,SO2743,SO0106,SO1045,SO3592,SO3613,SO1910,SO1678F,SO4207,SO0065,SO3834,SO3855,SO1679,GSM496779
GSE15334_group8,SO0343,SO3969,SO0839,SO0344,SO0106,SO4206,SO1045,SO1205,SO2743,SO4319,SO3592,SO4205,SO1183,SO1895,SO3740,SO2926,SO1686,SO3799,SO0065,SO3088,GSM496779
GSE15334_group9,SO3969,SO0343,SO4043,SO1045,SO2743,SO1895,SO2706,SO0106,SO0839,SO0516,SO0609,SO3855,SO4206,SO0344,SO1385,SO4319,SO1928,SO3592,SO1679,SO3740,GSM496779
GSE15334_group10,SO4719,SO1300,SO3855,SO1686,SO0065,SO1784,SO2898,SO3592,SO4118,SO1757,SO2929,SO4206,SO4619,SO2415,SO1045,SO3953,SO0582,SO3174,SO1471,SO0010,GSM496779
GSE15334_group11,SO3592,SO3855,SO1757,SO4719,SO2929,SO1300,SO2706,SO0010,SO1686,SO4206,SO1944,SO2926,SO0065,SO1678F,SO0582,SO4118,SO2898,SO4207,SO2359,SO3025,GSM496779
GSE15334_group12,SO1686,SO4118,SO3855,SO4719,SO0065,SO1944,SO1928,SO2743,SO2926,SO3592,SO2514,SO1679,SO3114,SO3174,SO0450,SO1196,SO1264,SO0343,SO2415,SO0191,GSM496779
GSE15657_group1,SO0624_x_at,SO0439_at,SO0827_at,SO0940_x_at,SO3507_x_at,SO0027_at,SO0941_x_at,UP_SO4591_at,SO3538_x_at,UP_SO3506_at,SO1415_at,SO2111_at,SO3505_at,UP_SO1911_at,SO1427_x_at,UP_SO1777_at,SO0944_x_at,UP_SO2727_at,UP_SO3504_at,SO3506_x_at,GSM392062
GSE15657_group2,SO0725_at,SO3507_x_at,IG_SO2178_SO2177_at,UP_SO4569i_s_at,IG_SO1192_SO1191_at,SO3506_x_at,UP_SO0956_at,IG_SO4640_SO4639_at,SO3505_at,IG_SO4649_SO4650_at,UP_SO0725_at,UP_SO3506_at,SO2178_at,IG_SO0771_SO0770_at,IG_SO0973_SO0974_at,IG_SO3107_SO3106_at,UP_SO3505_at,IG_SO1876ic_SO1877_at,UP_SO3504_at,SO4649_at,GSM392062
GSE7973_group1,SO1233,SO0867,SO0020,SO2857,SO2907,SO2824,SO2260,SO1428,SO3565,SO1484,SO1430,SO2361,SO1429,SO1232,SO2407,SO2363,SO2364,SO4694,SO0142,SO0021,GSM197329
GSE4489_group1,SO1863,SO2871,SO2741,SO3670,SO4567,SO3658,SO1449,SO1479,SO1482,SO0550,SO3074,SO0665,SO0543,SO3407,SO1872,SO4743,SO0217,SO2039,SO0855,SO1764,GSM100921
GSE4489_group2,SO0855,SO3407,SO2039,SO0665,SO0744,SO1863,SO1482,SO0713,SO0217,SO1241,SO2741,SO1068,SO2177,SO2589,SO3595,SO0550,SO0958,SO2537,SO1872,SO0205,GSM100921
GSE4489_group3,SO4072,SO3599,SO2491,SO0855,SO4598,SO0995,SO2589,SO2039,SO1482,SO0744,SO1580,SO0958,SO0205,SO1479,SO3923,SO0217,SO1872,SO3407,SO0713,SO0182,GSM100921
GSE4489_group4,SO1482,SO3407,SO3658,SO0995,SO0855,SO0665,SO0958,SO0217,SO4743,SO0744,SO3923,SO2039,SO2491,SO0713,SO1872,SO0182,SO0543,SO1479,SO2859,SO3599,GSM100921
GSE4489_group5,SO0927,SO2971,SO1872,SO1722,SO3074,SO0744,SO3684,SO2491,SO0217,SO1764,SO2969,SO1405,SO1482,SO4691,SO3590,SO1496,SO1703,SO2965,SO3407,SO2537,GSM100921
GSE4489_group6,SO3407,SO1703,SO1764,SO4598,SO1405,SO1872,SO1323,SO2071,SO2177,SO0205,SO0217,SO2491,SO2537,SO1482,SO2628,SO3923,SO0927,SO2971,SO2974,SO3658,GSM100921
GSE4489_group7,SO3658,SO1703,SO1764,SO1872,SO3599,SO2177,SO0217,SO2973,SO0744,SO3708,SO2537,SO2971,SO4598,SO3923,SO0780,SO0205,SO3515,SO0855,SO3230,SO3596,GSM100921
GSE4489_group8,SO4598,SO2039,SO1479,SO1703,SO3658,SO3923,SO0217,SO2589,SO1482,SO0855,SO0205,SO3019,SO0713,SO2971,SO2177,SO1872,SO2537,SO2491,SO1621,SO4743,GSM100921
GSE4489_group9,SO3407,SO1482,SO0217,SO2741,SO0995,SO2039,SO3596,SO2971,SO3515,SO3923,SO2491,SO1764,SO2589,SO4603,SO1872,SO1703,SO0205,SO1621,SO4598,SO0182,GSM100921
GSE4489_group10,SO1405,SO0744,SO2039,SO3923,SO0116,SO0995,SO1764,SO1703,SO1621,SO4603,SO2741,SO1617,SO4598,SO3658,SO1482,SO3407,SO0205,SO3515,SO0217,SO3596,GSM100921
GSE4489_group11,SO0995,SO2971,SO3515,SO3407,SO0217,SO3596,SO1703,SO1764,SO4603,SO4598,SO1405,SO1482,SO0205,SO2491,SO2039,SO1621,SO3923,SO1872,SO2741,SO2589,GSM100921
GSE4489_group12,SO3407,SO1482,SO0744,SO2039,SO0217,SO0665,SO3658,SO0713,SO0995,SO4743,SO3923,SO3599,SO1479,SO1580,SO4072,SO0958,SO4598,SO2589,SO2177,SO0855,GSM100921
GSE3876_group1,SO0729,SO1888,SO4618,SO2301,SO1903,SO1095,SO1302,SO2033,SO1714,SO1774,SO2886F,SO2095,SO4274,SO1984,SO1002,SO0804,SO1231,SO2793,SO3859,SO1677,GSM88542
GSE3876_group2,SO2073,SO2587,SO2074,SO4055,SO0818,SO3913F,SO2071,SO4235,SO4234,SO3030,SO4236,SO4233,SO2072,SO4345,SO2093,SO4054,SO2070,SO2888,SO1787,SO1343,GSM88542
GSE3876_group3,SO2587,SO0818,SO2074,SO4055,SO2073,SO4235,SO0279,SO4234,SO4236,SO4346,SO4233,SO3560,SO1676,SO3674,SO4056,SO2071,SO4345,SO3675,SO3030,SO3913F,GSM88542
GSE3876_group4,SO0277,SO4054,SO3030,SO2587,SO3286,SO2074,SO2073,SO2364,SO3032,SO4056,SO4235,SO4234,SO0818,SO0935,SO4055,SO3980,SO0275,SO1030,SO2072,SO4345,GSM88542
GSE3876_group5,SO2587,SO0277,SO4054,SO0275,SO3030,SO4056,SO0818,SO4055,SO2074,SO1888,SO1676,SO3980,SO4235,SO0279,SO2493,SO3032,SO4234,SO4344,SO4236,SO3740,GSM88542
GSE3876_group6,SO3006,SO4054,SO1042,SO0277,SO2982,SO0275,SO3012,SO4056,SO3010,SO2903,SO4513,SO4515,SO1698,SO4055,SO4345,SO3146,SO4235,SO4234,SO2884,SO4346,GSM88542
GSE3876_group7,SO3006,SO3179,SO0277,SO4054,SO2982,SO3864,SO4056,SO3012,SO1698,SO0275,SO4055,SO4515,SO3010,SO4513,SO0818,SO1325,SO2884,SO2098,SO1070F,SO2540,GSM88542
GSE3876_group8,SO2886F,SO0275,SO4054,SO3286,SO4157,SO2073,SO3863,SO0277,SO4056,SO3896,SO3864,SO1070F,SO0907,SO2364,SO4345,SO0970,SO3284,SO0906,SO3285,SO4515,GSM88542
GSE3876_group9,SO2886F,SO3863,SO0275,SO4054,SO3286,SO0907,SO2073,SO3284,SO0277,SO0903,SO0970,SO2074,SO1070F,SO4345,SO4157,SO3285,SO4056,SO4591,SO2364,SO4513,GSM88542
GSE3876_group10,SO4054,SO3864,SO0277,SO3980,SO4056,SO0975,SO0275,SO0818,SO1070F,SO4513,SO3030,SO4515,SO0958,SO4055,SO2074,SO3286,SO4344,SO1377,SO4345,SO4346,GSM88542
GSE3876_group11,SO2587,SO1377,SO0276,SO0277,SO2886F,SO2887,SO3864,SO0275,SO1888,SO3863,SO4366,SO3388,SO2790,SO2929,SO0242,SO4206,SO3740,SO1043,SO2074,SO1751,GSM88542
GSE3876_group12,SO0277,SO2587,SO0275,SO3030,SO3864,SO3286,SO0403,SO1042,SO0975,SO1377,SO0958,SO1888,SO4591,SO3980,SO1070F,SO2886,SO2098,SO1673,SO0970,SO3896,GSM88542
GSE3876_group13,SO1361,SO2073,SO1362,SO2074,SO0846,SO2963,SO4513,SO2944,SO2951,SO3010,SO2427,SO4347,SO2969,SO2938,SO2982,SO2966,SO2953,SO4235,SO4344,SO4345,GSM88542
GSE3876_group14,SO1361,SO3980,SO2963,SO2951,SO2969,SO2953F,SO2074,SO3006,SO2907,SO2953,SO1362,SO4515,SO2982,SO4344,SO4345,SO2884,SO4346,SO4372,SO2944,SO4513,GSM88542
GSE3876_group15,SO2364,SO0275,SO0277,SO2886F,SO2963,SO1070F,SO3010,SO3006,SO2982,SO4345,SO3012,SO4234,SO4513,SO2969,SO4515,SO4344,SO3030,SO4235,SO2363,SO0958,GSM88542
GSE3876_group16,SO0277,SO3006,SO3030,SO2587,SO3740,SO0958,SO2963,SO1120,SO2969,SO4372,SO4513,SO2982,SO0275,SO3819,SO0729,SO3452,SO4346,SO0818,SO2097,SO3819F,GSM88542
GSE3876_group17,SO2963,SO2969,SO3286,SO2886F,SO2073,SO0277,SO2982,SO3030,SO3006,SO2364,SO0275,SO2074,SO0958,SO4235,SO3012,SO1070F,SO4234,SO2071,SO2953,SO3863,GSM88542
GSE3876_group18,SO0277,SO3864,SO3030,SO2587,SO2969,SO2963,SO0958,SO0403,SO3740,SO3006,SO0975,SO4055,SO4056,SO0279,SO4054,SO1042,SO2982,SO0275,SO4513,SO4516,GSM88542
